Src,Eqid,Version,Datetime,Latitude,Longitude,Magnitude,Depth,NST,Region
us,c00022uj,7,"Monday, March 14, 2011 17:59:41 UTC",37.2121,142.4128,5.7,18.90,251,"off the east coast of Honshu, Japan"
us,c00022tc,5,"Monday, March 14, 2011 17:26:04 UTC",37.6564,142.1638,4.7,34.40,39,"off the east coast of Honshu, Japan"
us,c00022t5,3,"Monday, March 14, 2011 17:21:57 UTC",22.3317,121.4405,4.5,18.10,29,"Taiwan region"
us,c00022t4,4,"Monday, March 14, 2011 17:14:45 UTC",36.8780,142.9316,4.7,19.50,22,"off the east coast of Honshu, Japan"
us,c00022qd,4,"Monday, March 14, 2011 15:23:54 UTC",37.2428,143.6494,5.1,39.40,132,"off the east coast of Honshu, Japan"
us,2011ildk,6,"Monday, March 14, 2011 15:00:50 UTC",36.3276,141.7475,4.7,38.40,57,"near the east coast of Honshu, Japan"
us,c00022pp,A,"Monday, March 14, 2011 14:51:39 UTC",38.5651,143.1738,5.1,19.00,204,"off the east coast of Honshu, Japan"
us,c00022pq,5,"Monday, March 14, 2011 14:50:56 UTC",38.3269,142.1208,5.2,38.70,55,"near the east coast of Honshu, Japan"
us,c00022pf,A,"Monday, March 14, 2011 14:22:36 UTC",36.2014,141.6308,5.1,23.50,210,"near the east coast of Honshu, Japan"
us,2011ilde,5,"Monday, March 14, 2011 14:11:54 UTC",39.9746,143.1810,4.4,11.90,16,"off the east coast of Honshu, Japan"
ak,10191393,1,"Monday, March 14, 2011 14:04:36 UTC",58.5813,-152.0425,2.9,81.80,43,"Kodiak Island region, Alaska"
us,2011ilc4,6,"Monday, March 14, 2011 13:53:09 UTC",36.7980,142.1123,4.7,24.00,69,"off the east coast of Honshu, Japan"
us,c00022n1,6,"Monday, March 14, 2011 12:45:31 UTC",36.7661,144.5018,4.7,24.80,70,"off the east coast of Honshu, Japan"
us,c00022m0,4,"Monday, March 14, 2011 11:45:43 UTC",13.3633,-89.7637,4.6,74.90,47,"offshore El Salvador"
us,c00022lv,6,"Monday, March 14, 2011 11:34:18 UTC",40.8407,142.4373,4.7,25.30,30,"near the east coast of Honshu, Japan"
us,c00022li,6,"Monday, March 14, 2011 11:06:34 UTC",36.8732,140.5829,4.8,23.00,72,"near the east coast of Honshu, Japan"
pr,11073001,0,"Monday, March 14, 2011 10:38:04 UTC",19.0860,-68.6949,2.9,122.70, 7,"Dominican Republic region"
us,c00022l5,9,"Monday, March 14, 2011 10:34:52 UTC",39.7401,142.5457,4.9,24.60,182,"near the east coast of Honshu, Japan"
us,c00022lc,6,"Monday, March 14, 2011 10:29:05 UTC",39.6584,142.4662,5.1,20.30,161,"near the east coast of Honshu, Japan"
us,c00022l0,F,"Monday, March 14, 2011 10:28:41 UTC",37.2385,142.1640,5.1,22.30,117,"off the east coast of Honshu, Japan"
us,c00022ki,5,"Monday, March 14, 2011 10:08:59 UTC",37.1263,143.6162,4.7,37.30,69,"off the east coast of Honshu, Japan"
us,c00022k6,5,"Monday, March 14, 2011 09:39:16 UTC",12.5948,-88.9355,4.4,75.10,35,"offshore El Salvador"
us,c00022k7,6,"Monday, March 14, 2011 09:38:46 UTC",39.3703,142.0361,4.7,26.60,44,"near the east coast of Honshu, Japan"
us,c00022k1,2,"Monday, March 14, 2011 09:21:03 UTC",-7.3152,120.2650,4.7,561.80,59,"Flores Sea"
us,c00022j0,9,"Monday, March 14, 2011 09:07:49 UTC",36.9345,141.2744,4.9,33.40,176,"near the east coast of Honshu, Japan"
us,c00022il,5,"Monday, March 14, 2011 08:58:18 UTC",35.9159,141.8496,4.8,21.80,65,"near the east coast of Honshu, Japan"
us,c00022hb,5,"Monday, March 14, 2011 07:55:10 UTC",27.7571,56.8232,4.8,21.10,36,"southern Iran"
us,c00022h6,5,"Monday, March 14, 2011 07:52:18 UTC",40.2863,49.1245,4.4,65.60,21,"Azerbaijan"
us,c00022gx,6,"Monday, March 14, 2011 07:25:11 UTC",36.6798,141.3128,5.0,44.40,204,"near the east coast of Honshu, Japan"
us,c00022g5,8,"Monday, March 14, 2011 07:00:14 UTC",39.3244,143.3741,5.0,20.70,142,"off the east coast of Honshu, Japan"
us,c00022fq,7,"Monday, March 14, 2011 06:52:22 UTC",36.8993,141.1099,5.3,36.80,254,"near the east coast of Honshu, Japan"
us,c00022fp,7,"Monday, March 14, 2011 06:46:58 UTC",37.9423,142.9052,5.3,30.30,244,"off the east coast of Honshu, Japan"
us,c00022fl,9,"Monday, March 14, 2011 06:43:54 UTC",39.1014,142.3739,5.2,30.60,224,"near the east coast of Honshu, Japan"
ci,10908349,4,"Monday, March 14, 2011 06:30:03 UTC",31.9960,-115.0482,3.6,10.00,15,"Baja California, Mexico"
us,c00022f9,8,"Monday, March 14, 2011 06:27:29 UTC",36.9448,141.7466,5.1,35.00,120,"near the east coast of Honshu, Japan"
us,c00022f1,D,"Monday, March 14, 2011 06:18:26 UTC",38.0369,138.3938,5.4,35.40,62,"near the west coast of Honshu, Japan"
us,c00022er,8,"Monday, March 14, 2011 06:12:36 UTC",37.7744,142.5183,6.1,14.90,415,"off the east coast of Honshu, Japan"
us,c00022em,4,"Monday, March 14, 2011 06:02:42 UTC",38.1359,144.7849,4.7,24.30,88,"off the east coast of Honshu, Japan"
us,c00022ec,5,"Monday, March 14, 2011 05:53:27 UTC",36.4255,142.0016,4.8,38.60,82,"off the east coast of Honshu, Japan"
us,c00022ds,7,"Monday, March 14, 2011 05:42:15 UTC",39.7842,143.5316,4.7,17.70,86,"off the east coast of Honshu, Japan"
us,c00022gz,3,"Monday, March 14, 2011 05:27:13 UTC",35.2874,142.1310,4.6,33.40,18,"off the east coast of Honshu, Japan"
us,c00022dd,6,"Monday, March 14, 2011 05:19:05 UTC",37.1478,143.2630,4.8,20.20,59,"off the east coast of Honshu, Japan"
us,c00022cu,5,"Monday, March 14, 2011 04:57:55 UTC",36.7757,143.4481,5.1,20.00,182,"off the east coast of Honshu, Japan"
us,c00022ct,5,"Monday, March 14, 2011 04:56:28 UTC",36.6486,143.4982,4.7,40.10,26,"off the east coast of Honshu, Japan"
us,c00022d9,4,"Monday, March 14, 2011 04:45:35 UTC",37.3008,141.5536,4.9,20.90,68,"near the east coast of Honshu, Japan"
us,c00022br,5,"Monday, March 14, 2011 04:26:20 UTC",38.4702,144.8078,4.6,26.40,42,"off the east coast of Honshu, Japan"
us,c00022bf,5,"Monday, March 14, 2011 03:59:55 UTC",-14.5699,167.3736,4.6,201.60,42,"Vanuatu"
us,c00022be,6,"Monday, March 14, 2011 03:56:37 UTC",36.7698,142.3625,4.6,14.80,39,"off the east coast of Honshu, Japan"
us,c00022aw,4,"Monday, March 14, 2011 03:20:40 UTC",36.7295,141.6688,5.2,20.10,168,"near the east coast of Honshu, Japan"
us,c00022ad,5,"Monday, March 14, 2011 03:18:46 UTC",39.2189,144.3308,5.3,26.30,189,"off the east coast of Honshu, Japan"
us,c00022ah,4,"Monday, March 14, 2011 03:17:00 UTC",-17.6248,-174.8023,5.3,206.90,58,"Tonga"
us,c000229u,8,"Monday, March 14, 2011 03:15:53 UTC",36.2652,142.1457,5.6,31.20,280,"off the east coast of Honshu, Japan"
us,c000228r,6,"Monday, March 14, 2011 02:11:31 UTC",36.2286,140.6695,4.7,20.50,53,"near the east coast of Honshu, Japan"
us,c000228y,3,"Monday, March 14, 2011 02:11:12 UTC",-17.8910,-178.6407,4.5,582.80,43,"Fiji region"
us,c000228f,6,"Monday, March 14, 2011 01:57:54 UTC",36.6679,142.3857,5.1,21.90,150,"off the east coast of Honshu, Japan"
us,c0002287,9,"Monday, March 14, 2011 01:43:49 UTC",25.4401,-109.6619,4.0,10.00,27,"Gulf of California"
us,c0002289,7,"Monday, March 14, 2011 01:40:24 UTC",38.1894,143.7176,4.9,20.10,75,"off the east coast of Honshu, Japan"
us,c0002282,5,"Monday, March 14, 2011 01:34:35 UTC",37.7364,143.4215,4.8,37.50,57,"off the east coast of Honshu, Japan"
us,c000227k,A,"Monday, March 14, 2011 01:02:40 UTC",36.4549,140.9649,5.8,18.80,386,"near the east coast of Honshu, Japan"
us,c0002275,7,"Monday, March 14, 2011 00:40:18 UTC",37.9148,144.5038,4.6,25.00,93,"off the east coast of Honshu, Japan"
nm,031411a,A,"Monday, March 14, 2011 00:23:25 UTC",35.2636,-92.3465,2.6,5.90,13,"Arkansas"
us,c000226r,7,"Monday, March 14, 2011 00:22:49 UTC",36.9598,141.7614,5.0,25.10,179,"near the east coast of Honshu, Japan"
us,c000226k,7,"Monday, March 14, 2011 00:13:34 UTC",40.2690,144.5177,4.8,25.00,85,"off the east coast of Honshu, Japan"
us,c000226h,5,"Monday, March 14, 2011 00:07:51 UTC",37.1613,143.7623,4.9,25.00,68,"off the east coast of Honshu, Japan"
us,c0002263,7,"Sunday, March 13, 2011 23:53:49 UTC",35.7249,141.1470,4.9,25.40,156,"near the east coast of Honshu, Japan"
us,c000225s,6,"Sunday, March 13, 2011 23:41:27 UTC",36.8235,140.6999,4.7,25.50,73,"near the east coast of Honshu, Japan"
us,c0002252,5,"Sunday, March 13, 2011 23:16:34 UTC",37.0596,143.4249,4.9,25.10,141,"off the east coast of Honshu, Japan"
us,c0002245,7,"Sunday, March 13, 2011 22:45:29 UTC",38.6543,144.6704,4.8,28.60,125,"off the east coast of Honshu, Japan"
us,c0002233,9,"Sunday, March 13, 2011 22:20:17 UTC",36.0565,141.7671,5.3,18.00,209,"near the east coast of Honshu, Japan"
us,c000222w,9,"Sunday, March 13, 2011 22:04:41 UTC",37.0320,144.7309,5.1,25.50,201,"off the east coast of Honshu, Japan"
nm,031411e,A,"Sunday, March 13, 2011 21:08:08 UTC",35.2636,-92.3447,2.5,4.20,11,"Arkansas"
us,c0002201,6,"Sunday, March 13, 2011 20:35:17 UTC",38.2937,143.7399,4.9,25.20,47,"off the east coast of Honshu, Japan"
us,2011ikf2,5,"Sunday, March 13, 2011 20:16:21 UTC",32.9536,-100.8098,3.8,5.00,12,"western Texas"
us,c00021yy,8,"Sunday, March 13, 2011 19:59:51 UTC",37.0011,141.8315,5.1,25.00,167,"near the east coast of Honshu, Japan"
us,c00021yp,8,"Sunday, March 13, 2011 19:46:27 UTC",38.3743,144.7574,4.9,26.30,169,"off the east coast of Honshu, Japan"
us,c00021ym,7,"Sunday, March 13, 2011 19:38:15 UTC",37.4758,143.6777,4.9,41.50,93,"off the east coast of Honshu, Japan"
us,c00021yg,5,"Sunday, March 13, 2011 19:16:41 UTC",35.9482,140.8796,4.9,25.40,128,"near the east coast of Honshu, Japan"
us,c00021xu,5,"Sunday, March 13, 2011 18:49:31 UTC",35.2208,141.0131,4.9,25.00,147,"near the east coast of Honshu, Japan"
ak,10191061,1,"Sunday, March 13, 2011 18:19:36 UTC",61.4942,-150.8514,2.7,55.70,43,"Southern Alaska"
us,c00021xb,8,"Sunday, March 13, 2011 17:55:24 UTC",35.2053,141.0303,5.5,24.00,319,"near the east coast of Honshu, Japan"
us,c00021x9,6,"Sunday, March 13, 2011 17:50:06 UTC",36.0361,141.6292,4.8,25.40,75,"near the east coast of Honshu, Japan"
us,c00021x5,7,"Sunday, March 13, 2011 17:40:30 UTC",37.9303,142.5793,5.2,24.80,193,"off the east coast of Honshu, Japan"
us,c00021wt,6,"Sunday, March 13, 2011 17:29:11 UTC",35.6827,140.6671,4.8,29.80,69,"near the east coast of Honshu, Japan"
us,c00021vw,9,"Sunday, March 13, 2011 17:05:58 UTC",37.6424,143.5952,5.1,24.90,121,"off the east coast of Honshu, Japan"
us,c00021vr,7,"Sunday, March 13, 2011 17:01:32 UTC",35.1810,141.0735,5.2,24.90,240,"near the east coast of Honshu, Japan"
us,c00021vi,6,"Sunday, March 13, 2011 16:44:53 UTC",38.8512,142.9373,4.7,10.00,14,"near the east coast of Honshu, Japan"
us,c00021v3,6,"Sunday, March 13, 2011 16:34:48 UTC",38.4127,144.3462,4.7,3.40,21,"off the east coast of Honshu, Japan"
us,c00021uq,6,"Sunday, March 13, 2011 16:16:02 UTC",39.4385,142.7652,4.8,29.70,63,"near the east coast of Honshu, Japan"
us,c00021ua,5,"Sunday, March 13, 2011 16:07:34 UTC",25.2846,-109.7480,4.6,10.00,121,"Gulf of California"
us,c00021uc,4,"Sunday, March 13, 2011 16:04:40 UTC",35.6640,140.7920,4.6,16.40,21,"near the east coast of Honshu, Japan"
us,2011ikew,4,"Sunday, March 13, 2011 15:43:30 UTC",39.8102,143.6713,4.5,29.20,26,"off the east coast of Honshu, Japan"
us,c00021tt,A,"Sunday, March 13, 2011 15:27:21 UTC",39.4611,142.5702,5.1,36.40,223,"near the east coast of Honshu, Japan"
us,c00021tp,6,"Sunday, March 13, 2011 15:10:52 UTC",35.4668,140.8371,5.0,35.00,154,"near the east coast of Honshu, Japan"
us,c00021tk,8,"Sunday, March 13, 2011 15:08:49 UTC",36.9669,144.4405,5.1,23.60,134,"off the east coast of Honshu, Japan"
us,c00021tf,B,"Sunday, March 13, 2011 14:48:00 UTC",37.7934,142.7549,5.4,15.10,276,"off the east coast of Honshu, Japan"
us,c00021ta,A,"Sunday, March 13, 2011 14:41:20 UTC",38.3032,142.7787,5.1,12.00,229,"near the east coast of Honshu, Japan"
us,c00021tc,6,"Sunday, March 13, 2011 14:40:31 UTC",37.6297,141.8001,4.7,10.00,32,"near the east coast of Honshu, Japan"
us,c00021t3,A,"Sunday, March 13, 2011 14:31:56 UTC",39.1654,142.7094,5.0,25.70,148,"near the east coast of Honshu, Japan"
us,2011ikee,6,"Sunday, March 13, 2011 14:14:28 UTC",37.7037,141.9619,4.7,12.80,48,"near the east coast of Honshu, Japan"
us,c00021s9,6,"Sunday, March 13, 2011 13:43:37 UTC",39.0332,142.3686,4.8,5.60,50,"near the east coast of Honshu, Japan"
ci,10908133,2,"Sunday, March 13, 2011 13:25:57 UTC",32.3268,-115.5202,2.7,6.90,28,"Baja California, Mexico"
us,c00021rj,7,"Sunday, March 13, 2011 13:16:31 UTC",34.3394,141.6245,5.1,23.00,156,"off the east coast of Honshu, Japan"
us,2011ikeb,3,"Sunday, March 13, 2011 13:01:09 UTC",38.7022,142.1428,4.8,10.00,13,"near the east coast of Honshu, Japan"
us,c00021r9,5,"Sunday, March 13, 2011 12:56:25 UTC",37.7625,143.6337,4.7,35.30,24,"off the east coast of Honshu, Japan"
us,c00021rf,5,"Sunday, March 13, 2011 12:53:35 UTC",35.0157,141.2148,4.8,35.80,49,"near the east coast of Honshu, Japan"
us,c00021r4,4,"Sunday, March 13, 2011 12:53:01 UTC",35.0064,141.3526,4.6,26.10,30,"near the east coast of Honshu, Japan"
us,c00021r1,4,"Sunday, March 13, 2011 12:42:33 UTC",37.4738,144.0499,5.0,30.10,67,"off the east coast of Honshu, Japan"
us,c00021qq,4,"Sunday, March 13, 2011 12:36:53 UTC",37.3340,142.4986,4.6,35.80,49,"off the east coast of Honshu, Japan"
us,c00021qp,7,"Sunday, March 13, 2011 12:33:37 UTC",38.3897,141.9710,4.8,35.10,18,"near the east coast of Honshu, Japan"
us,c00021qm,6,"Sunday, March 13, 2011 12:27:18 UTC",36.7754,141.0847,4.8,29.80,40,"near the east coast of Honshu, Japan"
us,c00021ql,4,"Sunday, March 13, 2011 12:24:18 UTC",38.8024,144.8441,4.5,25.60,20,"off the east coast of Honshu, Japan"
us,c00021qi,5,"Sunday, March 13, 2011 12:02:53 UTC",37.3692,142.5036,4.7,31.50,42,"off the east coast of Honshu, Japan"
us,c00021qg,5,"Sunday, March 13, 2011 11:56:26 UTC",35.9262,141.3959,4.8,26.00,41,"near the east coast of Honshu, Japan"
pr,11072001,0,"Sunday, March 13, 2011 11:43:29 UTC",18.8640,-64.6719,2.7,28.70, 5,"Virgin Islands region"
us,c00021qb,7,"Sunday, March 13, 2011 11:37:31 UTC",37.3484,142.4160,6.0,24.80,270,"off the east coast of Honshu, Japan"
hv,60223066,1,"Sunday, March 13, 2011 11:35:18 UTC",19.3717,-155.2347,2.7,1.30,11,"Island of Hawaii, Hawaii"
us,c00021qe,5,"Sunday, March 13, 2011 11:27:30 UTC",38.7044,142.0073,4.8,30.20,96,"near the east coast of Honshu, Japan"
us,c00021pz,7,"Sunday, March 13, 2011 11:19:38 UTC",39.6801,142.6009,4.5,30.40,40,"near the east coast of Honshu, Japan"
us,c00021pv,6,"Sunday, March 13, 2011 11:01:22 UTC",39.7668,144.4056,5.1,35.40,218,"off the east coast of Honshu, Japan"
us,c00021pt,A,"Sunday, March 13, 2011 10:59:00 UTC",37.0740,143.1436,5.0,35.70,135,"off the east coast of Honshu, Japan"
us,c00021pk,7,"Sunday, March 13, 2011 10:44:33 UTC",39.9743,143.4220,4.7,25.20,68,"off the east coast of Honshu, Japan"
us,c00021pf,7,"Sunday, March 13, 2011 10:36:56 UTC",39.6132,144.7848,4.7,37.20,107,"off the east coast of Honshu, Japan"
us,c00021nw,4,"Sunday, March 13, 2011 10:04:04 UTC",37.7921,143.6623,5.0,34.20,58,"off the east coast of Honshu, Japan"
us,c00021nq,6,"Sunday, March 13, 2011 09:52:31 UTC",38.8551,141.8696,5.5,31.90,164,"near the east coast of Honshu, Japan"
us,c00021nj,5,"Sunday, March 13, 2011 09:42:24 UTC",37.2326,143.6210,4.8,31.80,69,"off the east coast of Honshu, Japan"
us,c00021ng,5,"Sunday, March 13, 2011 09:37:59 UTC",37.2489,143.7547,4.8,24.90,74,"off the east coast of Honshu, Japan"
us,c00021mv,8,"Sunday, March 13, 2011 09:25:08 UTC",39.0547,142.4750,5.5,24.20,289,"near the east coast of Honshu, Japan"
us,c00021m8,A,"Sunday, March 13, 2011 09:13:00 UTC",37.7151,143.8566,5.0,36.10,188,"off the east coast of Honshu, Japan"
nm,031311a,A,"Sunday, March 13, 2011 09:11:41 UTC",35.2949,-92.3082,2.5,5.10,14,"Arkansas"
us,c00021ln,6,"Sunday, March 13, 2011 08:54:05 UTC",37.4597,143.6279,4.8,24.90,36,"off the east coast of Honshu, Japan"
us,c00021l0,9,"Sunday, March 13, 2011 08:49:37 UTC",37.8926,143.9483,4.9,25.00,181,"off the east coast of Honshu, Japan"
us,c00021lb,7,"Sunday, March 13, 2011 08:45:51 UTC",-15.2218,167.2098,4.9,156.30,23,"Vanuatu"
us,c00021ks,6,"Sunday, March 13, 2011 08:43:23 UTC",37.1733,142.4416,5.0,25.10,165,"off the east coast of Honshu, Japan"
us,c00021jx,7,"Sunday, March 13, 2011 08:26:20 UTC",37.4122,143.7366,5.1,25.40,116,"off the east coast of Honshu, Japan"
ak,10190807,2,"Sunday, March 13, 2011 08:03:58 UTC",60.7423,-152.1345,2.8,11.70,31,"Southern Alaska"
pr,11072000,0,"Sunday, March 13, 2011 08:01:03 UTC",18.9053,-64.7313,2.8,8.00, 7,"Virgin Islands region"
us,c00021jr,8,"Sunday, March 13, 2011 07:56:44 UTC",39.6438,143.2374,5.9,24.90,218,"off the east coast of Honshu, Japan"
us,c00021jm,5,"Sunday, March 13, 2011 07:37:23 UTC",37.0396,143.1750,4.7,25.10,29,"off the east coast of Honshu, Japan"
hv,60223036,1,"Sunday, March 13, 2011 07:36:18 UTC",19.2642,-155.0992,2.9,46.20,34,"Island of Hawaii, Hawaii"
us,c00021je,8,"Sunday, March 13, 2011 07:04:36 UTC",38.3269,144.1308,5.6,18.80,395,"off the east coast of Honshu, Japan"
us,c00021j5,8,"Sunday, March 13, 2011 06:37:49 UTC",37.8032,143.4195,5.0,25.30,130,"off the east coast of Honshu, Japan"
us,c00021j1,5,"Sunday, March 13, 2011 06:19:08 UTC",40.1915,141.9973,4.7,25.20,50,"near the east coast of Honshu, Japan"
ak,10190772,1,"Sunday, March 13, 2011 06:18:51 UTC",62.9708,-149.1184,2.6,60.30,45,"Central Alaska"
us,c00021ir,9,"Sunday, March 13, 2011 05:59:53 UTC",37.0724,141.4099,4.9,26.10,195,"near the east coast of Honshu, Japan"
us,c00021ij,8,"Sunday, March 13, 2011 05:55:06 UTC",38.3843,142.0946,4.9,25.00,176,"near the east coast of Honshu, Japan"
us,c00021ie,C,"Sunday, March 13, 2011 05:54:25 UTC",25.2755,-110.0761,4.0,10.10,37,"Gulf of California"
us,c00021id,8,"Sunday, March 13, 2011 05:50:53 UTC",37.4521,142.2430,4.8,25.10,47,"off the east coast of Honshu, Japan"
us,c00021ib,7,"Sunday, March 13, 2011 05:47:42 UTC",39.7138,142.5429,4.9,24.80,76,"near the east coast of Honshu, Japan"
us,c00021i1,7,"Sunday, March 13, 2011 05:33:27 UTC",36.5451,142.4802,4.6,25.00,52,"off the east coast of Honshu, Japan"
nc,71542311,1,"Sunday, March 13, 2011 05:20:31 UTC",38.8442,-122.8280,2.5,2.00,33,"Northern California"
ci,10907941,3,"Sunday, March 13, 2011 05:10:09 UTC",32.0683,-115.2357,2.5,10.00, 7,"Baja California, Mexico"
us,c00021hs,5,"Sunday, March 13, 2011 05:08:31 UTC",38.6060,144.0123,4.7,24.90,86,"off the east coast of Honshu, Japan"
nm,031311d,A,"Sunday, March 13, 2011 05:07:39 UTC",35.3061,-92.3118,2.5,4.70,12,"Arkansas"
nn,00328888,7,"Sunday, March 13, 2011 05:05:01 UTC",39.0309,-118.8126,2.9,4.90,19,"Nevada"
ak,10190730,1,"Sunday, March 13, 2011 04:45:09 UTC",63.5797,-147.7609,2.5,0.00,24,"Central Alaska"
us,c00021h1,7,"Sunday, March 13, 2011 04:40:29 UTC",36.3028,142.3324,5.1,24.80,150,"off the east coast of Honshu, Japan"
us,c00021h0,8,"Sunday, March 13, 2011 04:36:14 UTC",35.2350,141.0415,5.0,26.00,182,"near the east coast of Honshu, Japan"
us,c00021gt,9,"Sunday, March 13, 2011 04:23:23 UTC",38.2050,142.9630,5.3,25.50,291,"near the east coast of Honshu, Japan"
us,c00021gr,7,"Sunday, March 13, 2011 04:12:55 UTC",35.7082,141.7436,5.0,25.10,188,"near the east coast of Honshu, Japan"
us,c00021gl,6,"Sunday, March 13, 2011 04:02:13 UTC",38.0741,142.5568,4.9,26.30,188,"near the east coast of Honshu, Japan"
us,c00021gg,6,"Sunday, March 13, 2011 03:54:43 UTC",38.6833,144.8315,4.9,25.90,184,"off the east coast of Honshu, Japan"
us,c00021gb,5,"Sunday, March 13, 2011 03:45:42 UTC",38.0515,142.5336,4.9,24.90,181,"near the east coast of Honshu, Japan"
us,c00021ga,4,"Sunday, March 13, 2011 03:34:10 UTC",37.6355,142.7726,4.8,25.30,107,"off the east coast of Honshu, Japan"
us,c00021fz,9,"Sunday, March 13, 2011 03:07:46 UTC",37.1342,142.5506,4.9,25.10,122,"off the east coast of Honshu, Japan"
us,c00021g1,2,"Sunday, March 13, 2011 03:01:26 UTC",36.7178,140.2940,4.7,25.00,54,"near the east coast of Honshu, Japan"
us,c00021fi,8,"Sunday, March 13, 2011 02:57:15 UTC",36.8924,143.3728,5.2,24.90,200,"off the east coast of Honshu, Japan"
us,c00021fe,9,"Sunday, March 13, 2011 02:51:24 UTC",36.8813,143.3840,5.4,25.30,265,"off the east coast of Honshu, Japan"
us,c00021fb,7,"Sunday, March 13, 2011 02:50:11 UTC",25.4424,-109.7632,4.6,23.60,154,"Gulf of California"
us,c00021fd,7,"Sunday, March 13, 2011 02:48:19 UTC",36.8928,142.6375,5.1,25.20,167,"off the east coast of Honshu, Japan"
us,c00021f9,6,"Sunday, March 13, 2011 02:42:29 UTC",39.7036,144.3248,5.2,25.20,84,"off the east coast of Honshu, Japan"
us,c00021f8,7,"Sunday, March 13, 2011 02:39:25 UTC",37.0719,142.8836,5.0,25.10,114,"off the east coast of Honshu, Japan"
us,c00021f7,7,"Sunday, March 13, 2011 02:32:36 UTC",36.7269,141.6232,4.9,27.00,165,"near the east coast of Honshu, Japan"
us,c00021f5,C,"Sunday, March 13, 2011 02:23:37 UTC",36.3539,142.2868,6.2,24.90,261,"off the east coast of Honshu, Japan"
us,c00021f4,3,"Sunday, March 13, 2011 02:13:54 UTC",36.6159,143.7538,4.8,27.40,106,"off the east coast of Honshu, Japan"
us,c00021eb,8,"Sunday, March 13, 2011 01:42:54 UTC",36.9420,142.9075,5.5,25.20,300,"off the east coast of Honshu, Japan"
us,c00021dt,B,"Sunday, March 13, 2011 01:26:07 UTC",35.7417,141.7306,6.2,24.50,392,"near the east coast of Honshu, Japan"
ak,10190630,2,"Sunday, March 13, 2011 01:19:16 UTC",51.8312,-171.2445,3.3,26.50,15,"Fox Islands, Aleutian Islands, Alaska"
us,c00021dn,5,"Sunday, March 13, 2011 01:16:15 UTC",38.2333,144.0997,4.8,27.30,65,"off the east coast of Honshu, Japan"
us,c00021dc,4,"Sunday, March 13, 2011 01:08:42 UTC",36.4431,142.1870,4.7,26.40,66,"off the east coast of Honshu, Japan"
us,c00021ce,7,"Sunday, March 13, 2011 00:47:04 UTC",39.1017,143.3115,5.2,24.90,192,"off the east coast of Honshu, Japan"
us,c00021cd,5,"Sunday, March 13, 2011 00:43:17 UTC",38.0717,142.6995,5.0,26.40,152,"near the east coast of Honshu, Japan"
us,c00021c3,6,"Sunday, March 13, 2011 00:32:57 UTC",36.0370,140.8505,4.9,25.40,133,"near the east coast of Honshu, Japan"
us,c00021bm,6,"Sunday, March 13, 2011 00:15:47 UTC",36.6244,141.7594,4.8,25.00,101,"near the east coast of Honshu, Japan"
us,c00021bc,3,"Saturday, March 12, 2011 23:57:33 UTC",38.1027,144.1099,4.9,25.00,104,"off the east coast of Honshu, Japan"
us,c00021b9,4,"Saturday, March 12, 2011 23:53:45 UTC",37.6682,143.3783,4.9,25.00,130,"off the east coast of Honshu, Japan"
us,c00021b1,8,"Saturday, March 12, 2011 23:51:24 UTC",37.0956,143.4323,5.0,25.00,171,"off the east coast of Honshu, Japan"
us,c00021ax,6,"Saturday, March 12, 2011 23:40:48 UTC",36.6506,141.7043,5.2,25.30,210,"near the east coast of Honshu, Japan"
us,c00021av,7,"Saturday, March 12, 2011 23:37:23 UTC",36.7576,142.3227,5.1,25.00,196,"off the east coast of Honshu, Japan"
us,c00021aj,D,"Saturday, March 12, 2011 23:24:50 UTC",37.9813,141.8492,6.1,24.80,406,"near the east coast of Honshu, Japan"
us,c00021ae,A,"Saturday, March 12, 2011 23:20:41 UTC",38.0039,142.3980,5.4,26.10,289,"near the east coast of Honshu, Japan"
ak,10190558,1,"Saturday, March 12, 2011 23:12:18 UTC",60.1502,-150.8838,3.0,47.20,57,"Kenai Peninsula, Alaska"
us,c000219n,7,"Saturday, March 12, 2011 22:53:34 UTC",39.9428,143.7000,4.7,25.10,70,"off the east coast of Honshu, Japan"
us,c0002191,8,"Saturday, March 12, 2011 22:42:39 UTC",36.3703,142.0933,4.8,24.90,125,"off the east coast of Honshu, Japan"
us,c000218q,8,"Saturday, March 12, 2011 22:31:26 UTC",39.2254,142.3325,5.6,25.80,309,"near the east coast of Honshu, Japan"
us,c000218h,A,"Saturday, March 12, 2011 22:12:46 UTC",37.6620,141.9589,6.3,14.30,407,"near the east coast of Honshu, Japan"
us,c000218d,6,"Saturday, March 12, 2011 22:05:16 UTC",37.6974,143.8599,4.9,25.00,69,"off the east coast of Honshu, Japan"
us,c0002187,7,"Saturday, March 12, 2011 21:58:39 UTC",25.3078,-109.8367,4.5,10.20,82,"Gulf of California"
us,c0002188,7,"Saturday, March 12, 2011 21:58:16 UTC",39.0552,142.3194,5.3,25.90,267,"near the east coast of Honshu, Japan"
us,c000217y,8,"Saturday, March 12, 2011 21:48:09 UTC",39.6261,142.5651,5.5,24.90,252,"near the east coast of Honshu, Japan"
us,c000217p,A,"Saturday, March 12, 2011 21:40:57 UTC",37.1698,143.3537,5.0,25.30,223,"off the east coast of Honshu, Japan"
us,c000217l,7,"Saturday, March 12, 2011 21:38:35 UTC",37.9339,144.2508,5.0,26.20,167,"off the east coast of Honshu, Japan"
us,c000215r,3,"Saturday, March 12, 2011 20:48:48 UTC",40.0722,143.0081,4.8,25.00,36,"off the east coast of Honshu, Japan"
us,c000215a,8,"Saturday, March 12, 2011 20:41:25 UTC",37.0826,141.3943,4.9,25.30,123,"near the east coast of Honshu, Japan"
us,2011ijia,B,"Saturday, March 12, 2011 20:16:58 UTC",25.4231,-109.7299,4.3,10.00,81,"Gulf of California"
us,c0002148,8,"Saturday, March 12, 2011 20:09:55 UTC",36.7467,144.0499,5.2,24.20,168,"off the east coast of Honshu, Japan"
us,c0002149,6,"Saturday, March 12, 2011 20:08:25 UTC",35.7747,141.8928,5.0,24.50,57,"near the east coast of Honshu, Japan"
us,c000213u,7,"Saturday, March 12, 2011 19:59:00 UTC",38.1012,142.8397,4.8,17.60,117,"near the east coast of Honshu, Japan"
us,c000213n,5,"Saturday, March 12, 2011 19:55:27 UTC",37.3996,142.3843,4.6,24.70,22,"off the east coast of Honshu, Japan"
us,c000213e,7,"Saturday, March 12, 2011 19:45:18 UTC",-6.1872,154.3845,5.0,62.00,75,"Bougainville region, Papua New Guinea"
us,c000213a,7,"Saturday, March 12, 2011 19:43:46 UTC",38.2653,143.2625,4.7,22.40,70,"off the east coast of Honshu, Japan"
us,c0002137,6,"Saturday, March 12, 2011 19:38:07 UTC",35.9061,141.4075,4.8,25.90,109,"near the east coast of Honshu, Japan"
us,c000212l,9,"Saturday, March 12, 2011 19:22:46 UTC",37.2956,142.1744,4.9,25.50,177,"off the east coast of Honshu, Japan"
us,c0002127,7,"Saturday, March 12, 2011 19:11:58 UTC",37.7297,142.5865,5.1,13.70,201,"off the east coast of Honshu, Japan"
us,c0002122,5,"Saturday, March 12, 2011 19:01:05 UTC",36.6521,142.1447,4.8,24.80,49,"off the east coast of Honshu, Japan"
us,c000211t,5,"Saturday, March 12, 2011 18:51:36 UTC",36.5588,141.6973,4.5,25.00,30,"near the east coast of Honshu, Japan"
us,c0002119,6,"Saturday, March 12, 2011 18:38:37 UTC",37.8048,143.3491,4.8,25.90,85,"off the east coast of Honshu, Japan"
us,c0002113,4,"Saturday, March 12, 2011 18:28:38 UTC",-56.8513,-27.9635,5.0,235.80,24,"South Sandwich Islands region"
us,c000210e,5,"Saturday, March 12, 2011 18:09:14 UTC",37.3209,141.3670,4.7,25.00,44,"near the east coast of Honshu, Japan"
us,c0002105,5,"Saturday, March 12, 2011 17:59:56 UTC",37.4739,143.7987,4.7,20.50,45,"off the east coast of Honshu, Japan"
us,c00020zf,9,"Saturday, March 12, 2011 17:54:18 UTC",25.4556,-109.6903,4.7,22.20,139,"Gulf of California"
us,c00020zr,6,"Saturday, March 12, 2011 17:51:27 UTC",38.0027,143.8807,4.8,25.10,61,"off the east coast of Honshu, Japan"
us,c00020zd,5,"Saturday, March 12, 2011 17:48:13 UTC",37.3807,143.4908,4.8,24.80,33,"off the east coast of Honshu, Japan"
us,c00020yx,5,"Saturday, March 12, 2011 17:40:56 UTC",38.7276,142.5116,4.8,25.00,98,"near the east coast of Honshu, Japan"
us,c00020y7,6,"Saturday, March 12, 2011 17:19:23 UTC",36.5729,142.6451,6.0,4.30,162,"off the east coast of Honshu, Japan"
us,2011ijg2,E,"Saturday, March 12, 2011 17:13:01 UTC",25.4656,-109.7273,5.1,10.00,146,"Gulf of California"
us,c00020xl,8,"Saturday, March 12, 2011 17:11:09 UTC",38.0509,144.0714,5.2,29.10,100,"off the east coast of Honshu, Japan"
us,c00020x1,7,"Saturday, March 12, 2011 17:01:22 UTC",37.7010,143.3531,5.1,38.50,136,"off the east coast of Honshu, Japan"
us,c00020wy,6,"Saturday, March 12, 2011 16:55:41 UTC",38.1023,143.7005,4.8,25.30,47,"off the east coast of Honshu, Japan"
us,c00020wu,5,"Saturday, March 12, 2011 16:48:13 UTC",37.8217,141.9354,4.7,26.60,73,"near the east coast of Honshu, Japan"
us,c00020wn,3,"Saturday, March 12, 2011 16:38:44 UTC",38.0674,144.0665,5.0,25.10,93,"off the east coast of Honshu, Japan"
us,c00020wa,9,"Saturday, March 12, 2011 16:36:41 UTC",38.1233,143.8596,4.9,24.90,93,"off the east coast of Honshu, Japan"
us,c00020w5,6,"Saturday, March 12, 2011 16:22:14 UTC",37.8914,144.8312,5.0,34.10,169,"off the east coast of Honshu, Japan"
us,c00020w2,6,"Saturday, March 12, 2011 16:19:04 UTC",38.4264,143.9395,4.8,25.00,85,"off the east coast of Honshu, Japan"
us,c00020vq,5,"Saturday, March 12, 2011 16:07:38 UTC",39.0764,142.6843,4.7,36.60,28,"near the east coast of Honshu, Japan"
us,c00020v8,8,"Saturday, March 12, 2011 16:03:56 UTC",37.2587,142.1156,4.8,25.00,77,"off the east coast of Honshu, Japan"
us,c00020sn,7,"Saturday, March 12, 2011 14:53:20 UTC",37.5692,143.8046,4.9,24.60,64,"off the east coast of Honshu, Japan"
us,c00020s1,B,"Saturday, March 12, 2011 14:43:09 UTC",39.4706,142.4061,5.7,21.50,344,"near the east coast of Honshu, Japan"
us,c00020rp,8,"Saturday, March 12, 2011 14:35:00 UTC",35.7839,141.6601,5.6,24.40,89,"near the east coast of Honshu, Japan"
us,c00020r1,7,"Saturday, March 12, 2011 14:14:55 UTC",35.7677,140.5598,4.9,24.70,77,"near the east coast of Honshu, Japan"
us,c00020qw,7,"Saturday, March 12, 2011 14:11:04 UTC",25.3956,-109.6517,5.3,12.10,165,"Gulf of California"
us,c00020qm,6,"Saturday, March 12, 2011 14:03:30 UTC",38.8432,142.5916,5.8,24.80,222,"near the east coast of Honshu, Japan"
us,c00020qd,7,"Saturday, March 12, 2011 13:57:12 UTC",36.4387,141.9259,5.2,24.20,195,"near the east coast of Honshu, Japan"
us,c00020nk,6,"Saturday, March 12, 2011 13:26:56 UTC",39.3812,142.4234,5.3,25.10,78,"near the east coast of Honshu, Japan"
us,c00020na,8,"Saturday, March 12, 2011 13:15:41 UTC",37.2607,141.1752,6.4,37.50,366,"near the east coast of Honshu, Japan"
us,c00020m9,A,"Saturday, March 12, 2011 12:53:50 UTC",37.7541,143.5730,5.8,19.20,380,"off the east coast of Honshu, Japan"
us,c00020li,7,"Saturday, March 12, 2011 12:50:28 UTC",37.8335,143.8564,4.9,24.70,90,"off the east coast of Honshu, Japan"
us,c00020ll,3,"Saturday, March 12, 2011 12:43:13 UTC",37.3983,143.7764,4.9,35.30,51,"off the east coast of Honshu, Japan"
us,c00020ky,4,"Saturday, March 12, 2011 12:27:17 UTC",39.7205,144.5054,4.8,25.10,70,"off the east coast of Honshu, Japan"
us,c00020js,8,"Saturday, March 12, 2011 12:15:30 UTC",39.7893,142.5859,4.9,25.00,44,"near the east coast of Honshu, Japan"
us,c00020jc,7,"Saturday, March 12, 2011 12:06:56 UTC",40.0576,141.9799,4.9,25.20,68,"near the east coast of Honshu, Japan"
ak,10190268,2,"Saturday, March 12, 2011 12:06:16 UTC",51.5927,-175.2555,4.3,25.50,30,"Andreanof Islands, Aleutian Islands, Alaska"
us,c00020ir,A,"Saturday, March 12, 2011 12:03:42 UTC",25.2597,-109.9642,4.4,10.10,109,"Gulf of California"
us,c00020i5,7,"Saturday, March 12, 2011 11:46:01 UTC",35.7605,141.6562,5.7,17.60,186,"near the east coast of Honshu, Japan"
us,c00020hq,8,"Saturday, March 12, 2011 11:39:05 UTC",37.6261,142.8052,4.9,24.70,55,"off the east coast of Honshu, Japan"
us,c00020gm,9,"Saturday, March 12, 2011 11:20:16 UTC",38.7346,142.4619,4.9,24.80,80,"near the east coast of Honshu, Japan"
us,c00020g7,6,"Saturday, March 12, 2011 11:04:59 UTC",37.9130,143.7402,4.9,25.00,62,"off the east coast of Honshu, Japan"
us,c00020fv,A,"Saturday, March 12, 2011 10:53:30 UTC",39.0745,142.3524,6.1,24.90,309,"near the east coast of Honshu, Japan"
us,c00020fu,6,"Saturday, March 12, 2011 10:49:24 UTC",37.4826,143.2250,4.7,25.00,69,"off the east coast of Honshu, Japan"
us,c00020fm,6,"Saturday, March 12, 2011 10:39:12 UTC",36.7488,141.7993,5.0,31.30,179,"near the east coast of Honshu, Japan"
us,c00020fd,7,"Saturday, March 12, 2011 10:34:49 UTC",37.8464,144.3774,5.3,25.00,85,"off the east coast of Honshu, Japan"
us,c00020f4,7,"Saturday, March 12, 2011 10:20:21 UTC",37.1973,143.4829,5.5,25.50,267,"off the east coast of Honshu, Japan"
us,c00020ew,8,"Saturday, March 12, 2011 10:17:08 UTC",18.8989,-107.1105,4.4,33.50,136,"off the coast of Jalisco, Mexico"
us,c00020er,7,"Saturday, March 12, 2011 10:06:11 UTC",37.1849,143.4812,4.9,25.10,59,"off the east coast of Honshu, Japan"
us,c00020eg,8,"Saturday, March 12, 2011 10:00:26 UTC",35.9845,141.7942,5.0,25.00,148,"near the east coast of Honshu, Japan"
us,c00020e4,4,"Saturday, March 12, 2011 09:51:35 UTC",-3.7896,151.4434,5.2,10.00,31,"New Ireland region, Papua New Guinea"
us,c00020e3,7,"Saturday, March 12, 2011 09:47:58 UTC",38.3507,142.2985,4.9,25.00,61,"near the east coast of Honshu, Japan"
us,c00020dq,8,"Saturday, March 12, 2011 09:40:43 UTC",38.8668,142.8290,5.1,25.00,167,"near the east coast of Honshu, Japan"
us,c00020cs,9,"Saturday, March 12, 2011 09:27:12 UTC",37.4364,143.7158,5.0,25.80,141,"off the east coast of Honshu, Japan"
us,c00020bz,8,"Saturday, March 12, 2011 09:18:56 UTC",37.1409,143.4960,5.4,25.00,245,"off the east coast of Honshu, Japan"
us,c00020bh,9,"Saturday, March 12, 2011 09:05:32 UTC",38.4440,144.3046,4.7,28.50,67,"off the east coast of Honshu, Japan"
us,c00020b0,8,"Saturday, March 12, 2011 09:00:02 UTC",37.3282,143.5914,5.2,41.30,183,"off the east coast of Honshu, Japan"
us,c00020b9,4,"Saturday, March 12, 2011 08:58:24 UTC",37.0997,143.5317,4.6,34.20,29,"off the east coast of Honshu, Japan"
us,c00020aj,7,"Saturday, March 12, 2011 08:52:50 UTC",37.2215,143.6592,5.0,38.10,177,"off the east coast of Honshu, Japan"
us,c000209y,4,"Saturday, March 12, 2011 08:45:29 UTC",-7.2395,129.1514,5.0,186.40,21,"Kepulauan Babar, Indonesia"
us,c000209n,6,"Saturday, March 12, 2011 08:38:39 UTC",-20.3106,-176.1851,5.0,229.30,78,"Fiji region"
us,c000209u,A,"Saturday, March 12, 2011 08:38:03 UTC",38.3699,141.8011,4.8,27.70,78,"near the east coast of Honshu, Japan"
us,c000209j,A,"Saturday, March 12, 2011 08:30:21 UTC",38.1935,142.7661,4.9,28.40,149,"near the east coast of Honshu, Japan"
us,c000209a,6,"Saturday, March 12, 2011 08:22:07 UTC",36.1311,141.7718,4.6,30.40,43,"near the east coast of Honshu, Japan"
us,c000208r,9,"Saturday, March 12, 2011 08:13:41 UTC",39.3429,142.9893,5.0,26.80,111,"near the east coast of Honshu, Japan"
us,c000207v,6,"Saturday, March 12, 2011 07:54:09 UTC",36.0637,141.4965,5.2,31.70,158,"near the east coast of Honshu, Japan"
us,c000207w,9,"Saturday, March 12, 2011 07:50:53 UTC",38.5368,146.4255,4.8,14.70,18,"off the east coast of Honshu, Japan"
us,c000207r,5,"Saturday, March 12, 2011 07:46:42 UTC",37.7850,143.6599,4.7,34.00,48,"off the east coast of Honshu, Japan"
us,c000207n,3,"Saturday, March 12, 2011 07:38:05 UTC",38.6763,144.4290,4.9,29.20,113,"off the east coast of Honshu, Japan"
us,c000206b,3,"Saturday, March 12, 2011 07:30:18 UTC",35.9428,141.3480,4.7,30.30,56,"near the east coast of Honshu, Japan"
us,c000205d,7,"Saturday, March 12, 2011 07:21:00 UTC",36.0693,141.3205,4.9,29.30,86,"near the east coast of Honshu, Japan"
us,c000205f,6,"Saturday, March 12, 2011 07:18:52 UTC",39.1164,144.6383,5.1,12.70,159,"off the east coast of Honshu, Japan"
us,c0002051,9,"Saturday, March 12, 2011 07:13:35 UTC",37.4520,142.0497,5.1,25.20,161,"off the east coast of Honshu, Japan"
us,c000204s,8,"Saturday, March 12, 2011 07:07:31 UTC",38.3630,142.1640,5.0,29.70,176,"near the east coast of Honshu, Japan"
us,c000204n,6,"Saturday, March 12, 2011 07:02:20 UTC",36.9163,143.4563,4.7,30.10,57,"off the east coast of Honshu, Japan"
us,c0002054,3,"Saturday, March 12, 2011 06:53:52 UTC",37.9046,144.6429,4.5,40.60,50,"off the east coast of Honshu, Japan"
us,c0002045,5,"Saturday, March 12, 2011 06:49:11 UTC",38.6731,142.5788,4.8,23.60,58,"near the east coast of Honshu, Japan"
us,c000203u,8,"Saturday, March 12, 2011 06:44:00 UTC",36.6129,140.7665,4.8,31.10,86,"near the east coast of Honshu, Japan"
us,c000203w,3,"Saturday, March 12, 2011 06:39:26 UTC",37.6044,142.7738,4.8,44.90,125,"off the east coast of Honshu, Japan"
us,c000203i,7,"Saturday, March 12, 2011 06:36:00 UTC",39.6356,143.4361,5.0,28.50,162,"off the east coast of Honshu, Japan"
us,c000203f,8,"Saturday, March 12, 2011 06:29:09 UTC",39.2367,142.3810,4.9,30.50,160,"near the east coast of Honshu, Japan"
pr,11071000,0,"Saturday, March 12, 2011 06:20:46 UTC",19.3740,-68.3109,2.9,87.40, 5,"Dominican Republic region"
us,c0002036,8,"Saturday, March 12, 2011 06:18:43 UTC",39.2349,142.3771,5.5,36.40,309,"near the east coast of Honshu, Japan"
us,c000202z,D,"Saturday, March 12, 2011 06:10:43 UTC",38.5944,143.7529,5.5,10.40,264,"off the east coast of Honshu, Japan"
us,c000203k,2,"Saturday, March 12, 2011 06:10:22 UTC",37.1972,143.7101,5.1,35.40,50,"off the east coast of Honshu, Japan"
us,c000202x,3,"Saturday, March 12, 2011 06:00:25 UTC",36.4149,141.7145,5.2,29.90,190,"near the east coast of Honshu, Japan"
us,c000202m,8,"Saturday, March 12, 2011 05:58:59 UTC",37.7593,143.9634,5.1,37.60,227,"off the east coast of Honshu, Japan"
us,c000202a,5,"Saturday, March 12, 2011 05:14:50 UTC",36.8109,140.3750,5.0,25.20,155,"near the east coast of Honshu, Japan"
us,c000201x,9,"Saturday, March 12, 2011 04:52:57 UTC",40.1235,143.2874,5.3,25.00,243,"off the east coast of Honshu, Japan"
us,c000201y,4,"Saturday, March 12, 2011 04:47:18 UTC",35.9687,141.4156,5.1,26.40,200,"near the east coast of Honshu, Japan"
us,c000201s,6,"Saturday, March 12, 2011 04:43:03 UTC",35.9825,141.3470,5.0,25.90,129,"near the east coast of Honshu, Japan"
us,c000201k,7,"Saturday, March 12, 2011 04:37:21 UTC",36.2684,140.9968,4.7,25.50,57,"near the east coast of Honshu, Japan"
us,c000200t,8,"Saturday, March 12, 2011 04:06:09 UTC",38.9017,141.7924,5.2,25.50,175,"near the east coast of Honshu, Japan"
us,c000200n,7,"Saturday, March 12, 2011 04:04:48 UTC",-2.9943,139.1256,5.5,48.30,60,"near the north coast of Papua, Indonesia"
us,c000200i,5,"Saturday, March 12, 2011 03:54:48 UTC",35.8382,141.2755,5.1,26.20,165,"near the east coast of Honshu, Japan"
us,c0001zzu,9,"Saturday, March 12, 2011 03:34:46 UTC",35.2566,140.9727,5.3,25.20,258,"near the east coast of Honshu, Japan"
us,c0001zzj,A,"Saturday, March 12, 2011 03:29:28 UTC",37.9295,144.6705,5.3,25.10,229,"off the east coast of Honshu, Japan"
us,c0001zze,4,"Saturday, March 12, 2011 03:21:44 UTC",37.9243,143.9229,4.8,25.00,69,"off the east coast of Honshu, Japan"
us,c0001zyi,6,"Saturday, March 12, 2011 03:11:59 UTC",35.9497,141.4069,5.7,24.50,337,"near the east coast of Honshu, Japan"
us,c0001zy1,8,"Saturday, March 12, 2011 03:01:48 UTC",39.6121,142.7696,5.8,25.00,405,"near the east coast of Honshu, Japan"
us,c0001zxm,7,"Saturday, March 12, 2011 02:47:35 UTC",37.6172,143.6959,5.6,25.70,346,"off the east coast of Honshu, Japan"
hv,60222826,1,"Saturday, March 12, 2011 02:43:48 UTC",19.3410,-154.9923,2.6,8.20,24,"Hawaii region, Hawaii"
us,c0001zxi,8,"Saturday, March 12, 2011 02:43:10 UTC",39.1705,142.3423,5.0,25.30,159,"near the east coast of Honshu, Japan"
us,c0001zx0,8,"Saturday, March 12, 2011 02:34:04 UTC",36.7384,141.4115,5.2,22.20,238,"near the east coast of Honshu, Japan"
us,c0001zwz,5,"Saturday, March 12, 2011 02:27:49 UTC",37.9413,144.4963,4.8,25.00,109,"off the east coast of Honshu, Japan"
us,c0001zw7,7,"Saturday, March 12, 2011 02:13:51 UTC",37.5690,143.7382,4.9,24.90,63,"off the east coast of Honshu, Japan"
us,c0001zw4,5,"Saturday, March 12, 2011 02:07:21 UTC",37.8251,143.2072,4.9,24.60,113,"off the east coast of Honshu, Japan"
us,c0001zw3,5,"Saturday, March 12, 2011 02:04:55 UTC",36.7395,141.5119,4.8,25.40,43,"near the east coast of Honshu, Japan"
us,c0001zvz,5,"Saturday, March 12, 2011 01:59:43 UTC",37.5215,142.7831,5.2,24.50,169,"off the east coast of Honshu, Japan"
us,c0001zv3,9,"Saturday, March 12, 2011 01:47:16 UTC",37.5879,142.6816,6.8,24.80,406,"off the east coast of Honshu, Japan"
us,c0001zv9,7,"Saturday, March 12, 2011 01:46:20 UTC",37.3541,141.9982,6.2,25.40,114,"near the east coast of Honshu, Japan"
us,c0001zv1,5,"Saturday, March 12, 2011 01:43:20 UTC",36.3214,141.7533,5.2,27.70,220,"near the east coast of Honshu, Japan"
us,c0001zub,C,"Saturday, March 12, 2011 01:34:10 UTC",38.7484,142.8531,6.0,24.50,333,"near the east coast of Honshu, Japan"
us,c0001zu5,8,"Saturday, March 12, 2011 01:25:04 UTC",36.4249,141.6053,5.1,27.50,88,"near the east coast of Honshu, Japan"
us,c0001ztr,7,"Saturday, March 12, 2011 01:19:07 UTC",-16.7271,-173.1739,6.1,10.90,287,"Tonga"
us,c0001ztw,A,"Saturday, March 12, 2011 01:17:41 UTC",-16.6609,-173.0659,5.7,31.50,82,"Tonga"
us,c0001zsx,B,"Saturday, March 12, 2011 01:17:01 UTC",38.0949,142.7024,5.4,24.60,263,"near the east coast of Honshu, Japan"
us,c0001zsu,7,"Saturday, March 12, 2011 01:12:16 UTC",37.1180,140.5350,4.8,54.50,126,"eastern Honshu, Japan"
us,c0001zry,C,"Saturday, March 12, 2011 01:03:59 UTC",37.9387,141.5564,5.1,26.00,200,"near the east coast of Honshu, Japan"
us,c0001zqv,9,"Saturday, March 12, 2011 00:45:09 UTC",36.0415,141.8150,5.5,23.70,293,"near the east coast of Honshu, Japan"
us,c0001zqr,7,"Saturday, March 12, 2011 00:39:37 UTC",37.3174,142.4504,5.0,25.00,76,"off the east coast of Honshu, Japan"
us,c0001zpz,6,"Saturday, March 12, 2011 00:25:08 UTC",37.8027,141.8940,5.0,29.80,171,"near the east coast of Honshu, Japan"
us,c0001zpt,8,"Saturday, March 12, 2011 00:21:24 UTC",36.4754,143.5858,5.0,24.50,87,"off the east coast of Honshu, Japan"
hv,60222806,1,"Saturday, March 12, 2011 00:04:08 UTC",19.3372,-154.9810,3.0,9.30,23,"Hawaii region, Hawaii"
us,c0001znm,6,"Friday, March 11, 2011 23:59:21 UTC",36.4993,141.4407,5.4,22.60,147,"near the east coast of Honshu, Japan"
us,c0001zn0,D,"Friday, March 11, 2011 23:58:03 UTC",38.4596,143.5304,5.3,29.10,207,"off the east coast of Honshu, Japan"
us,c0001zma,C,"Friday, March 11, 2011 23:53:28 UTC",38.8585,142.4519,5.1,25.30,133,"near the east coast of Honshu, Japan"
us,c0001zle,7,"Friday, March 11, 2011 23:40:11 UTC",37.0734,143.5292,5.1,25.30,159,"off the east coast of Honshu, Japan"
us,c0001zl4,5,"Friday, March 11, 2011 23:31:22 UTC",33.7278,143.8554,4.9,24.90,33,"off the east coast of Honshu, Japan"
us,c0001zkk,8,"Friday, March 11, 2011 23:26:50 UTC",39.1778,142.7088,5.3,24.90,215,"near the east coast of Honshu, Japan"
us,c0001zk6,6,"Friday, March 11, 2011 23:21:22 UTC",39.1613,143.2956,5.0,25.00,77,"off the east coast of Honshu, Japan"
us,c0001zjj,8,"Friday, March 11, 2011 23:05:14 UTC",39.7318,141.8498,4.9,65.00,128,"eastern Honshu, Japan"
us,c0001zj0,4,"Friday, March 11, 2011 22:54:28 UTC",36.4938,142.2666,5.4,25.40,90,"off the east coast of Honshu, Japan"
us,c0001zi6,9,"Friday, March 11, 2011 22:51:18 UTC",37.8065,144.9667,5.8,25.00,317,"off the east coast of Honshu, Japan"
us,c0001zhy,8,"Friday, March 11, 2011 22:42:58 UTC",37.6275,143.8007,5.3,27.40,221,"off the east coast of Honshu, Japan"
us,c0001zhv,5,"Friday, March 11, 2011 22:36:56 UTC",37.0969,143.7956,5.0,25.00,82,"off the east coast of Honshu, Japan"
us,c0001zgy,4,"Friday, March 11, 2011 22:29:42 UTC",38.2847,142.6355,4.6,25.00,51,"near the east coast of Honshu, Japan"
us,c0001zi3,3,"Friday, March 11, 2011 22:22:35 UTC",39.1801,142.9168,4.9,25.00,47,"near the east coast of Honshu, Japan"
us,c0001zfq,6,"Friday, March 11, 2011 22:08:13 UTC",40.1524,142.2189,4.7,47.50,36,"near the east coast of Honshu, Japan"
pr,11070002,0,"Friday, March 11, 2011 22:01:25 UTC",19.0814,-64.7009,2.9,62.00, 4,"Virgin Islands region"
us,c0001zdp,9,"Friday, March 11, 2011 21:41:57 UTC",37.2788,142.3511,5.2,10.10,226,"off the east coast of Honshu, Japan"
us,c0001zdf,7,"Friday, March 11, 2011 21:34:25 UTC",37.4008,141.2364,4.8,37.10,93,"near the east coast of Honshu, Japan"
us,c0001za1,7,"Friday, March 11, 2011 21:00:45 UTC",39.0481,142.4773,5.4,24.90,220,"near the east coast of Honshu, Japan"
us,c0001z8k,4,"Friday, March 11, 2011 20:41:24 UTC",37.6749,143.6976,5.1,25.00,71,"off the east coast of Honshu, Japan"
us,c0001zav,2,"Friday, March 11, 2011 20:36:10 UTC",37.8376,142.8474,5.5,24.90,287,"off the east coast of Honshu, Japan"
us,c0001z7r,7,"Friday, March 11, 2011 20:34:40 UTC",36.9930,140.9847,5.1,25.20,167,"near the east coast of Honshu, Japan"
us,c0001z6q,9,"Friday, March 11, 2011 20:23:43 UTC",35.8182,141.5825,5.5,24.20,322,"near the east coast of Honshu, Japan"
us,c0001z5z,9,"Friday, March 11, 2011 20:11:22 UTC",39.0254,142.6451,6.3,8.70,476,"near the east coast of Honshu, Japan"
us,c0001z4n,6,"Friday, March 11, 2011 19:46:49 UTC",40.4720,139.0700,6.6,10.00,434,"near the west coast of Honshu, Japan"
hv,60222771,1,"Friday, March 11, 2011 19:46:26 UTC",19.3805,-155.0113,3.2,9.00,19,"Island of Hawaii, Hawaii"
us,c0001z41,C,"Friday, March 11, 2011 19:45:24 UTC",37.6527,141.5481,5.2,25.20,207,"near the east coast of Honshu, Japan"
us,c0001z3l,9,"Friday, March 11, 2011 19:31:56 UTC",36.9622,138.3670,5.5,10.30,312,"eastern Honshu, Japan"
us,c0001z3b,8,"Friday, March 11, 2011 19:24:28 UTC",35.7696,140.6387,5.5,24.90,360,"near the east coast of Honshu, Japan"
us,c0001z2t,8,"Friday, March 11, 2011 19:02:58 UTC",39.3722,142.8998,6.1,24.80,345,"near the east coast of Honshu, Japan"
us,c0001z2a,9,"Friday, March 11, 2011 18:59:15 UTC",37.0370,138.3550,6.2,10.00,409,"near the west coast of Honshu, Japan"
us,c0001z25,7,"Friday, March 11, 2011 18:55:14 UTC",35.8142,141.6570,4.9,24.60,140,"near the east coast of Honshu, Japan"
us,c0001z1k,6,"Friday, March 11, 2011 18:44:06 UTC",36.8577,141.0294,5.1,25.50,180,"near the east coast of Honshu, Japan"
us,c0001z1d,B,"Friday, March 11, 2011 18:43:13 UTC",40.1391,143.0615,4.9,89.70,87,"off the east coast of Honshu, Japan"
us,c0001z10,8,"Friday, March 11, 2011 18:39:33 UTC",37.9158,143.0551,4.9,1.80,100,"off the east coast of Honshu, Japan"
us,c0001yz3,7,"Friday, March 11, 2011 18:17:05 UTC",36.2179,141.6852,5.9,25.40,364,"near the east coast of Honshu, Japan"
us,c0001yy2,6,"Friday, March 11, 2011 18:11:24 UTC",37.1181,142.1601,5.7,13.80,365,"off the east coast of Honshu, Japan"
us,c0001yxt,3,"Friday, March 11, 2011 18:02:38 UTC",36.7926,143.2120,4.7,24.90,32,"off the east coast of Honshu, Japan"
us,c0001ywh,4,"Friday, March 11, 2011 17:50:01 UTC",37.6481,144.9908,5.0,25.80,96,"off the east coast of Honshu, Japan"
us,c0001yvl,7,"Friday, March 11, 2011 17:32:13 UTC",37.1366,144.5718,5.4,24.80,246,"off the east coast of Honshu, Japan"
us,c0001yve,8,"Friday, March 11, 2011 17:30:47 UTC",37.4180,141.0986,5.1,24.90,177,"near the east coast of Honshu, Japan"
us,c0001yv4,5,"Friday, March 11, 2011 17:23:57 UTC",36.0149,141.8876,5.0,24.90,147,"near the east coast of Honshu, Japan"
us,c0001yuc,7,"Friday, March 11, 2011 17:16:59 UTC",37.1110,144.1449,5.5,26.40,206,"off the east coast of Honshu, Japan"
us,c0001yum,2,"Friday, March 11, 2011 17:14:59 UTC",39.0155,142.5168,4.8,51.90,100,"near the east coast of Honshu, Japan"
us,c0001yt9,8,"Friday, March 11, 2011 17:12:40 UTC",37.5641,144.0693,5.0,25.10,133,"off the east coast of Honshu, Japan"
us,c0001yr9,9,"Friday, March 11, 2011 16:55:52 UTC",37.7791,143.1713,5.0,25.10,158,"off the east coast of Honshu, Japan"
us,c0001yr5,7,"Friday, March 11, 2011 16:54:52 UTC",12.3037,-87.5143,4.8,64.30,123,"near the coast of Nicaragua"
us,c0001ypd,6,"Friday, March 11, 2011 16:34:21 UTC",39.3759,143.4052,5.0,40.80,185,"off the east coast of Honshu, Japan"
us,c0001yn9,7,"Friday, March 11, 2011 16:20:51 UTC",36.1566,141.8774,5.0,25.30,163,"near the east coast of Honshu, Japan"
us,c0001ymf,7,"Friday, March 11, 2011 16:11:26 UTC",39.4633,143.5765,5.5,9.20,272,"off the east coast of Honshu, Japan"
us,c0001ylv,4,"Friday, March 11, 2011 16:04:52 UTC",39.2362,144.3202,5.3,25.50,148,"off the east coast of Honshu, Japan"
us,c0001ykp,5,"Friday, March 11, 2011 15:55:22 UTC",36.6258,142.1619,5.0,24.80,30,"off the east coast of Honshu, Japan"
us,c0001ykf,5,"Friday, March 11, 2011 15:50:59 UTC",37.4089,142.2171,5.0,24.90,46,"off the east coast of Honshu, Japan"
us,c0001yjw,5,"Friday, March 11, 2011 15:46:01 UTC",36.0223,141.9584,5.0,19.70,59,"near the east coast of Honshu, Japan"
us,c0001yjb,8,"Friday, March 11, 2011 15:42:05 UTC",36.0658,141.5152,5.4,15.80,149,"near the east coast of Honshu, Japan"
us,c0001yj5,4,"Friday, March 11, 2011 15:36:15 UTC",38.9073,142.7220,4.9,24.90,97,"near the east coast of Honshu, Japan"
us,c0001yip,7,"Friday, March 11, 2011 15:32:33 UTC",37.2162,142.2326,5.2,25.00,151,"off the east coast of Honshu, Japan"
us,c0001yia,5,"Friday, March 11, 2011 15:19:37 UTC",36.2326,141.8555,5.6,25.00,224,"near the east coast of Honshu, Japan"
us,c0001yib,4,"Friday, March 11, 2011 15:13:14 UTC",35.9968,141.7959,6.2,18.90,475,"near the east coast of Honshu, Japan"
us,c0001yhi,3,"Friday, March 11, 2011 15:01:38 UTC",39.0820,142.3828,5.0,26.00,126,"near the east coast of Honshu, Japan"
us,c0001yh1,7,"Friday, March 11, 2011 14:56:15 UTC",35.9786,141.3673,5.8,25.00,293,"near the east coast of Honshu, Japan"
us,c0001ygn,4,"Friday, March 11, 2011 14:54:03 UTC",35.9188,141.8188,5.4,24.90,113,"near the east coast of Honshu, Japan"
us,c0001yg7,6,"Friday, March 11, 2011 14:44:07 UTC",36.6553,140.7692,5.1,25.10,150,"near the east coast of Honshu, Japan"
us,c0001yfj,8,"Friday, March 11, 2011 14:26:30 UTC",37.4305,142.2543,5.4,13.20,127,"off the east coast of Honshu, Japan"
us,c0001yfi,6,"Friday, March 11, 2011 14:20:19 UTC",37.9470,143.1829,5.1,25.20,118,"off the east coast of Honshu, Japan"
nm,031111b,A,"Friday, March 11, 2011 14:18:28 UTC",35.2714,-92.3388,2.6,4.00,12,"Arkansas"
us,c0001yf2,4,"Friday, March 11, 2011 14:10:39 UTC",37.5754,141.9634,5.2,25.50,179,"near the east coast of Honshu, Japan"
us,c0001yew,6,"Friday, March 11, 2011 14:00:37 UTC",36.1506,140.8447,5.5,30.80,259,"near the east coast of Honshu, Japan"
us,c0001yf0,2,"Friday, March 11, 2011 13:58:49 UTC",36.6808,141.7757,4.9,25.30,52,"near the east coast of Honshu, Japan"
us,c0001yeu,5,"Friday, March 11, 2011 13:55:27 UTC",38.0386,142.8308,5.2,24.90,239,"near the east coast of Honshu, Japan"
us,c0001yeg,4,"Friday, March 11, 2011 13:48:38 UTC",38.4264,143.0606,5.3,25.10,203,"off the east coast of Honshu, Japan"
us,c0001ydw,5,"Friday, March 11, 2011 13:43:10 UTC",38.9724,144.2090,5.6,25.20,214,"off the east coast of Honshu, Japan"
us,c0001ydy,7,"Friday, March 11, 2011 13:42:26 UTC",37.4105,142.0090,4.9,25.30,124,"off the east coast of Honshu, Japan"
us,c0001yck,5,"Friday, March 11, 2011 13:34:36 UTC",36.2492,141.8501,5.6,35.50,145,"near the east coast of Honshu, Japan"
us,c0001yci,8,"Friday, March 11, 2011 13:31:54 UTC",39.1522,142.8367,5.1,25.00,103,"near the east coast of Honshu, Japan"
ak,10189043,1,"Friday, March 11, 2011 13:21:37 UTC",64.1213,-147.3238,2.5,17.10,27,"Central Alaska"
us,c0001yb4,5,"Friday, March 11, 2011 13:16:49 UTC",36.3043,141.7304,5.8,30.10,96,"near the east coast of Honshu, Japan"
us,c0001ybf,6,"Friday, March 11, 2011 13:15:45 UTC",37.3929,141.8818,5.1,30.10,156,"near the east coast of Honshu, Japan"
us,c0001yak,3,"Friday, March 11, 2011 13:02:43 UTC",36.7555,141.8848,5.3,30.20,28,"near the east coast of Honshu, Japan"
us,c0001y9x,7,"Friday, March 11, 2011 12:59:21 UTC",36.1276,141.7676,5.3,24.90,77,"near the east coast of Honshu, Japan"
us,c0001y9n,8,"Friday, March 11, 2011 12:54:52 UTC",38.5016,142.1201,5.4,36.70,297,"near the east coast of Honshu, Japan"
us,c0001y9h,8,"Friday, March 11, 2011 12:49:01 UTC",36.1577,141.7111,5.6,25.00,336,"near the east coast of Honshu, Japan"
us,c0001y99,4,"Friday, March 11, 2011 12:34:22 UTC",36.9121,143.7361,5.3,39.00,127,"off the east coast of Honshu, Japan"
us,c0001y8c,4,"Friday, March 11, 2011 12:33:18 UTC",38.3740,142.5905,5.2,29.70,47,"near the east coast of Honshu, Japan"
us,c0001y82,B,"Friday, March 11, 2011 12:28:44 UTC",36.1660,141.6636,5.2,29.30,135,"near the east coast of Honshu, Japan"
us,c0001y7q,7,"Friday, March 11, 2011 12:24:37 UTC",36.5247,141.7073,5.3,27.80,188,"near the east coast of Honshu, Japan"
ak,10188996,2,"Friday, March 11, 2011 12:15:07 UTC",51.2001,-178.4137,3.3,15.80,16,"Andreanof Islands, Aleutian Islands, Alaska"
us,c0001y6g,6,"Friday, March 11, 2011 12:12:53 UTC",38.0517,142.5419,5.9,21.60,233,"near the east coast of Honshu, Japan"
us,c0001y6s,3,"Friday, March 11, 2011 12:04:16 UTC",36.3509,142.6998,5.1,38.40,56,"off the east coast of Honshu, Japan"
us,c0001y5y,3,"Friday, March 11, 2011 11:56:16 UTC",36.3560,141.5035,5.5,39.40,118,"near the east coast of Honshu, Japan"
us,c0001y4v,6,"Friday, March 11, 2011 11:54:02 UTC",36.9823,142.5352,5.1,45.00,44,"off the east coast of Honshu, Japan"
us,c0001y4r,5,"Friday, March 11, 2011 11:46:46 UTC",36.0342,141.0550,5.8,47.50,43,"near the east coast of Honshu, Japan"
us,c0001y4m,5,"Friday, March 11, 2011 11:44:28 UTC",36.7086,142.2309,5.8,31.00,236,"off the east coast of Honshu, Japan"
us,c0001y4u,6,"Friday, March 11, 2011 11:36:39 UTC",39.2757,142.5206,6.5,11.60,568,"near the east coast of Honshu, Japan"
us,c0001y36,5,"Friday, March 11, 2011 11:21:02 UTC",35.7593,140.9126,5.7,25.20,275,"near the east coast of Honshu, Japan"
us,c0001y3g,3,"Friday, March 11, 2011 11:16:50 UTC",36.6140,141.8938,5.5,36.60,187,"near the east coast of Honshu, Japan"
us,c0001y2p,5,"Friday, March 11, 2011 11:13:12 UTC",36.4506,141.7890,5.5,18.20,204,"near the east coast of Honshu, Japan"
us,c0001y2a,6,"Friday, March 11, 2011 11:10:57 UTC",35.5344,141.8555,5.5,27.70,185,"near the east coast of Honshu, Japan"
us,c0001y1a,8,"Friday, March 11, 2011 11:00:51 UTC",37.8127,141.4809,5.6,28.70,342,"near the east coast of Honshu, Japan"
us,c0001y11,9,"Friday, March 11, 2011 10:58:05 UTC",39.0597,142.2127,5.1,30.30,123,"near the east coast of Honshu, Japan"
us,c0001y1c,5,"Friday, March 11, 2011 10:56:23 UTC",35.4963,-97.0897,3.2,4.70,32,"Oklahoma"
us,c0001y0j,5,"Friday, March 11, 2011 10:52:07 UTC",38.5341,143.3461,5.0,29.90,137,"off the east coast of Honshu, Japan"
us,c0001y04,7,"Friday, March 11, 2011 10:45:46 UTC",38.4658,143.5909,5.5,41.10,253,"off the east coast of Honshu, Japan"
us,c0001xzj,6,"Friday, March 11, 2011 10:35:35 UTC",37.0437,141.2979,5.3,25.80,160,"near the east coast of Honshu, Japan"
us,c0001xz5,9,"Friday, March 11, 2011 10:28:44 UTC",39.4467,143.5309,5.9,29.30,343,"off the east coast of Honshu, Japan"
us,c0001xyh,7,"Friday, March 11, 2011 10:20:27 UTC",36.9663,142.2891,5.6,21.70,230,"off the east coast of Honshu, Japan"
us,c0001xy1,7,"Friday, March 11, 2011 10:10:34 UTC",39.2478,142.7787,6.0,28.90,348,"near the east coast of Honshu, Japan"
us,c0001xxh,5,"Friday, March 11, 2011 09:59:56 UTC",36.7029,142.2070,5.2,41.60,119,"off the east coast of Honshu, Japan"
us,c0001xw2,9,"Friday, March 11, 2011 09:47:01 UTC",39.6853,142.9383,5.5,29.70,203,"near the east coast of Honshu, Japan"
hv,60222571,1,"Friday, March 11, 2011 09:45:07 UTC",19.3638,-155.0040,2.5,10.10,17,"Island of Hawaii, Hawaii"
us,c0001xvw,7,"Friday, March 11, 2011 09:42:22 UTC",39.4376,142.7487,5.2,30.20,204,"near the east coast of Honshu, Japan"
us,c0001xut,B,"Friday, March 11, 2011 09:37:08 UTC",35.8775,141.5853,5.4,29.90,255,"near the east coast of Honshu, Japan"
hv,60222556,1,"Friday, March 11, 2011 09:33:57 UTC",19.3823,-155.0152,3.0,7.60,25,"Island of Hawaii, Hawaii"
hv,60222551,1,"Friday, March 11, 2011 09:24:53 UTC",19.3507,-154.9990,2.9,8.70,22,"Hawaii region, Hawaii"
hv,60222536,1,"Friday, March 11, 2011 09:14:35 UTC",19.3335,-154.9812,2.6,9.90,17,"Hawaii region, Hawaii"
hv,60222526,1,"Friday, March 11, 2011 09:10:25 UTC",19.3292,-154.9883,2.6,7.60,14,"Hawaii region, Hawaii"
us,c0001xsy,8,"Friday, March 11, 2011 09:09:14 UTC",37.7166,143.2667,5.5,36.20,249,"off the east coast of Honshu, Japan"
hv,60222511,1,"Friday, March 11, 2011 09:05:22 UTC",19.3355,-154.9785,2.8,9.70,25,"Hawaii region, Hawaii"
us,c0001xsu,9,"Friday, March 11, 2011 09:04:10 UTC",37.2991,142.6546,5.4,30.50,192,"off the east coast of Honshu, Japan"
hv,60004713,2,"Friday, March 11, 2011 09:03:55 UTC",19.3187,-154.9555,2.5,13.60, 9,"Hawaii region, Hawaii"
hv,60004708,1,"Friday, March 11, 2011 09:03:44 UTC",19.3758,-154.9892,2.5,10.10,15,"Hawaii region, Hawaii"
hv,60222506,1,"Friday, March 11, 2011 09:03:37 UTC",19.3487,-154.9495,3.3,31.40,20,"Hawaii region, Hawaii"
us,c0001xst,F,"Friday, March 11, 2011 09:00:19 UTC",37.0561,141.9664,5.2,20.00,40,"near the east coast of Honshu, Japan"
hv,60222496,3,"Friday, March 11, 2011 08:58:25 UTC",19.3408,-154.9925,4.6,9.30,35,"Hawaii region, Hawaii"
us,c0001xsk,5,"Friday, March 11, 2011 08:52:26 UTC",36.7634,141.9097,5.4,35.80,223,"near the east coast of Honshu, Japan"
us,c0001xs4,5,"Friday, March 11, 2011 08:46:47 UTC",37.4207,142.4534,5.5,37.30,149,"off the east coast of Honshu, Japan"
us,c0001xrr,5,"Friday, March 11, 2011 08:40:56 UTC",37.4653,141.1218,5.9,38.60,236,"near the east coast of Honshu, Japan"
us,c0001xsi,4,"Friday, March 11, 2011 08:31:07 UTC",37.4275,141.2000,6.1,25.00,184,"near the east coast of Honshu, Japan"
us,c0001xqp,4,"Friday, March 11, 2011 08:19:24 UTC",36.2000,142.0000,6.5,19.90,230,"off the east coast of Honshu, Japan"
us,c0001xqx,3,"Friday, March 11, 2011 08:15:40 UTC",37.0343,144.6115,6.2,27.80,189,"off the east coast of Honshu, Japan"
us,c0001xq3,8,"Friday, March 11, 2011 08:12:04 UTC",36.6061,141.5573,6.2,19.80,380,"near the east coast of Honshu, Japan"
us,c0001xpz,C,"Friday, March 11, 2011 08:10:30 UTC",36.3940,140.6311,5.5,30.40,89,"near the east coast of Honshu, Japan"
us,c0001xph,5,"Friday, March 11, 2011 08:01:58 UTC",37.0708,142.7338,5.9,22.60,247,"off the east coast of Honshu, Japan"
us,c0001xp8,5,"Friday, March 11, 2011 07:56:15 UTC",37.1303,142.3055,5.6,34.00,110,"off the east coast of Honshu, Japan"
us,c0001xnv,9,"Friday, March 11, 2011 07:54:44 UTC",37.7425,141.5651,5.7,45.30,264,"near the east coast of Honshu, Japan"
us,c0001xnj,4,"Friday, March 11, 2011 07:42:55 UTC",36.4056,141.9192,5.8,29.90,115,"near the east coast of Honshu, Japan"
us,c0001xn6,4,"Friday, March 11, 2011 07:38:26 UTC",39.2498,142.7828,5.9,29.10,234,"near the east coast of Honshu, Japan"
ak,10188645,2,"Friday, March 11, 2011 07:36:12 UTC",51.2621,-178.4013,4.4,22.00,23,"Andreanof Islands, Aleutian Islands, Alaska"
us,c0001xnb,7,"Friday, March 11, 2011 07:28:12 UTC",36.8017,141.9106,6.1,24.00,237,"near the east coast of Honshu, Japan"
us,c0001xmm,5,"Friday, March 11, 2011 07:25:33 UTC",37.9162,144.6214,6.1,15.00,345,"off the east coast of Honshu, Japan"
us,c0001xlz,9,"Friday, March 11, 2011 07:14:59 UTC",36.6484,141.8108,6.3,25.00,281,"near the east coast of Honshu, Japan"
us,c0001xm1,7,"Friday, March 11, 2011 07:13:47 UTC",36.0511,142.3470,5.9,28.50,173,"off the east coast of Honshu, Japan"
us,c0001xlq,3,"Friday, March 11, 2011 07:10:59 UTC",37.8987,142.7341,5.8,30.00,213,"off the east coast of Honshu, Japan"
us,c0001xka,9,"Friday, March 11, 2011 06:57:14 UTC",35.7579,140.9921,6.3,30.20,259,"near the east coast of Honshu, Japan"
us,c0001xjt,9,"Friday, March 11, 2011 06:48:47 UTC",37.9928,142.7638,6.3,22.30,166,"off the east coast of Honshu, Japan"
us,c0001xig,D,"Friday, March 11, 2011 06:25:50 UTC",38.1063,144.5531,7.1,19.70,359,"off the east coast of Honshu, Japan"
hv,60222446,2,"Friday, March 11, 2011 06:18:03 UTC",19.3438,-154.9887,3.3,8.50,20,"Hawaii region, Hawaii"
us,c0001xhz,C,"Friday, March 11, 2011 06:15:40 UTC",36.1860,141.1920,6.8,35.00,187,"near the east coast of Honshu, Japan"
us,c0001xhx,5,"Friday, March 11, 2011 06:07:21 UTC",36.4014,141.8622,6.4,35.40,124,"near the east coast of Honshu, Japan"
us,c0001xh0,B,"Friday, March 11, 2011 06:06:11 UTC",39.0251,142.3160,6.4,25.10,174,"near the east coast of Honshu, Japan"
us,c0001xgp,A,"Friday, March 11, 2011 05:46:23 UTC",38.3220,142.3690,8.9,24.40,350,"near the east coast of Honshu, Japan"
ci,10906781,5,"Friday, March 11, 2011 04:51:25 UTC",35.3507,-118.5612,3.4,5.40,69,"Central California"
us,c0001xf1,7,"Friday, March 11, 2011 04:28:20 UTC",47.8488,154.2473,4.8,39.60,81,"Kuril Islands"
us,c0001xew,6,"Friday, March 11, 2011 04:05:40 UTC",19.5864,-109.1362,4.5,10.20,111,"Revilla Gigedo Islands region"
hv,60222381,1,"Friday, March 11, 2011 02:55:42 UTC",19.3635,-154.9943,2.6,9.30,20,"Hawaii region, Hawaii"
hv,60222376,1,"Friday, March 11, 2011 02:52:07 UTC",19.3482,-154.9805,2.9,10.70,21,"Hawaii region, Hawaii"
hv,60222371,1,"Friday, March 11, 2011 02:32:08 UTC",19.3482,-154.9852,2.5,11.10,15,"Hawaii region, Hawaii"
hv,60222351,1,"Friday, March 11, 2011 01:01:59 UTC",19.3448,-154.9832,2.8,10.20,23,"Hawaii region, Hawaii"
hv,60222346,1,"Friday, March 11, 2011 00:53:58 UTC",19.3517,-154.9892,2.5,9.00,20,"Hawaii region, Hawaii"
us,c0001xcy,5,"Friday, March 11, 2011 00:14:51 UTC",-54.3693,-116.8078,5.3,10.00,47,"southern East Pacific Rise"
us,c0001xbm,6,"Thursday, March 10, 2011 22:44:25 UTC",38.8439,143.0062,4.9,34.20,93,"off the east coast of Honshu, Japan"
us,c0001x9u,5,"Thursday, March 10, 2011 21:49:46 UTC",38.5895,143.0861,4.7,26.00,37,"off the east coast of Honshu, Japan"
nc,71540976,3,"Thursday, March 10, 2011 20:49:07 UTC",36.6525,-121.2682,2.8,3.40,78,"Central California"
ak,10188161,2,"Thursday, March 10, 2011 19:44:35 UTC",51.4219,-173.6918,2.5,11.30,10,"Andreanof Islands, Aleutian Islands, Alaska"
us,c0001x3y,7,"Thursday, March 10, 2011 19:06:10 UTC",13.7447,120.7254,5.0,127.00,56,"Mindoro, Philippines"
pr,11069002,0,"Thursday, March 10, 2011 18:10:05 UTC",19.6480,-64.1689,3.4,8.00, 4,"Virgin Islands region"
us,c0001x0l,A,"Thursday, March 10, 2011 17:08:36 UTC",-6.8624,116.7648,6.5,508.10,436,"Bali Sea"
us,c0001x0g,8,"Thursday, March 10, 2011 16:54:45 UTC",38.0525,143.2533,5.2,4.70,236,"off the east coast of Honshu, Japan"
ci,10906469,5,"Thursday, March 10, 2011 15:56:24 UTC",36.0080,-117.4008,3.2,4.70,43,"Central California"
us,c0001wzr,5,"Thursday, March 10, 2011 15:22:51 UTC",-9.0931,67.1717,4.7,16.20,18,"Mid-Indian Ridge"
us,c0001wz3,A,"Thursday, March 10, 2011 14:30:34 UTC",15.4535,-90.6847,4.7,15.10,31,"Guatemala"
us,c0001wz2,4,"Thursday, March 10, 2011 14:24:46 UTC",-5.6618,150.5866,4.6,113.70,46,"New Britain region, Papua New Guinea"
ak,10187993,1,"Thursday, March 10, 2011 13:45:34 UTC",57.3657,-154.8033,2.7,27.60,13,"Kodiak Island region, Alaska"
nm,031011b,A,"Thursday, March 10, 2011 11:52:57 UTC",35.2846,-92.3403,2.8,2.80,15,"Arkansas"
us,c0001wrd,7,"Thursday, March 10, 2011 11:21:08 UTC",38.6110,143.0488,5.1,17.60,230,"off the east coast of Honshu, Japan"
nm,031011a,A,"Thursday, March 10, 2011 10:58:36 UTC",35.2864,-92.3368,2.7,2.30,13,"Arkansas"
us,c0001wqj,9,"Thursday, March 10, 2011 09:02:21 UTC",38.6516,143.1456,5.2,21.90,294,"off the east coast of Honshu, Japan"
us,c0001wqk,5,"Thursday, March 10, 2011 08:59:19 UTC",38.5474,143.2950,4.8,19.80,47,"off the east coast of Honshu, Japan"
us,c0001wq8,6,"Thursday, March 10, 2011 08:08:20 UTC",38.6300,143.3035,5.7,17.20,313,"off the east coast of Honshu, Japan"
us,c0001wpy,7,"Thursday, March 10, 2011 07:33:04 UTC",38.9543,142.4583,4.8,20.00,80,"near the east coast of Honshu, Japan"
us,c0001wpq,5,"Thursday, March 10, 2011 07:07:09 UTC",-43.5500,172.7400,4.2,10.00, 0,"South Island of New Zealand"
ak,10187893,2,"Thursday, March 10, 2011 06:19:01 UTC",67.6928,-152.5386,3.2,5.00,27,"northern Alaska"
pr,11069000,0,"Thursday, March 10, 2011 05:57:38 UTC",18.7199,-67.4749,2.5,12.10, 6,"Puerto Rico region"
hv,60222261,1,"Thursday, March 10, 2011 05:01:10 UTC",19.3632,-155.0445,2.5,7.60,25,"Island of Hawaii, Hawaii"
us,c0001wnu,5,"Thursday, March 10, 2011 04:58:17 UTC",24.7100,97.9940,5.4,10.00,122,"Myanmar-China border region"
us,c0001wnp,4,"Thursday, March 10, 2011 04:26:47 UTC",8.0967,-82.8126,4.6,14.60,60,"Panama-Costa Rica border region"
us,c0001wnl,3,"Thursday, March 10, 2011 04:14:00 UTC",38.4061,143.4270,4.6,31.00,21,"off the east coast of Honshu, Japan"
ak,10187853,1,"Thursday, March 10, 2011 02:34:17 UTC",59.9378,-150.7709,2.8,44.10,39,"Kenai Peninsula, Alaska"
us,c0001wmj,5,"Thursday, March 10, 2011 01:38:13 UTC",42.9100,-104.1197,2.9,4.90,18,"Wyoming"
us,c0001wm3,6,"Thursday, March 10, 2011 01:20:23 UTC",38.4082,143.0326,5.0,25.10,65,"off the east coast of Honshu, Japan"
ak,10187676,1,"Thursday, March 10, 2011 00:14:41 UTC",59.9458,-153.1215,2.9,128.50,39,"Southern Alaska"
us,c0001wl0,5,"Wednesday, March  9, 2011 23:57:41 UTC",38.3080,143.2747,4.8,20.00,106,"off the east coast of Honshu, Japan"
us,c0001wk6,B,"Wednesday, March  9, 2011 23:37:00 UTC",38.4383,143.1846,5.4,32.80,353,"off the east coast of Honshu, Japan"
nc,71540441,3,"Wednesday, March  9, 2011 22:41:29 UTC",36.5887,-121.1863,2.6,4.90,70,"Central California"
nm,030911o,A,"Wednesday, March  9, 2011 22:17:41 UTC",35.2721,-92.3443,2.6,4.20, 9,"Arkansas"
us,c0001wfq,7,"Wednesday, March  9, 2011 21:24:51 UTC",-6.0220,149.6590,6.5,29.00,79,"New Britain region, Papua New Guinea"
us,c0001wfj,8,"Wednesday, March  9, 2011 21:22:18 UTC",38.3853,142.6415,6.1,23.00,322,"near the east coast of Honshu, Japan"
us,c0001wfa,8,"Wednesday, March  9, 2011 21:00:57 UTC",38.2666,142.5798,4.9,22.50,96,"near the east coast of Honshu, Japan"
nm,030911m,B,"Wednesday, March  9, 2011 20:48:31 UTC",35.2433,-92.3975,3.5,5.90,17,"Arkansas"
us,b0001rey,9,"Wednesday, March  9, 2011 18:44:35 UTC",38.5020,143.1990,6.0,23.00,398,"off the east coast of Honshu, Japan"
pr,11068002,0,"Wednesday, March  9, 2011 18:28:33 UTC",18.4698,-67.3981,2.5,18.70, 5,"Mona Passage, Puerto Rico"
ak,10187412,3,"Wednesday, March  9, 2011 18:25:26 UTC",52.4181,-174.4949,3.7,170.60,30,"Andreanof Islands, Aleutian Islands, Alaska"
us,b0001rer,G,"Wednesday, March  9, 2011 18:16:14 UTC",38.3780,142.5060,6.1,22.00,444,"near the east coast of Honshu, Japan"
us,b0001rem,4,"Wednesday, March  9, 2011 17:57:27 UTC",18.7138,121.4299,4.9,59.90,49,"Luzon, Philippines"
ak,10189927,2,"Wednesday, March  9, 2011 17:02:06 UTC",52.6911,-174.7039,2.5,140.00, 8,"Andreanof Islands, Aleutian Islands, Alaska"
ci,10905717,4,"Wednesday, March  9, 2011 16:12:03 UTC",36.2397,-114.5040,2.5,14.30, 8,"Nevada"
ak,10187272,2,"Wednesday, March  9, 2011 14:30:37 UTC",53.4388,-165.1859,2.8,26.00,21,"Fox Islands, Aleutian Islands, Alaska"
us,2011igbv,6,"Wednesday, March  9, 2011 14:24:05 UTC",38.5888,143.2261,4.8,10.00,48,"off the east coast of Honshu, Japan"
us,b0001rcw,7,"Wednesday, March  9, 2011 13:57:27 UTC",8.6310,92.3947,5.3,23.20,132,"Nicobar Islands, India region"
ci,10905661,4,"Wednesday, March  9, 2011 13:55:24 UTC",32.1908,-115.2770,3.2,10.00,19,"Baja California, Mexico"
us,2011igbq,6,"Wednesday, March  9, 2011 13:51:41 UTC",-20.2159,-174.3499,5.1,132.50,45,"Tonga"
us,b0001rcj,7,"Wednesday, March  9, 2011 13:24:07 UTC",-27.4618,-68.8526,5.0,108.00,178,"Catamarca, Argentina"
ak,10187247,3,"Wednesday, March  9, 2011 12:56:35 UTC",51.6628,-174.0641,2.8,1.50,10,"Andreanof Islands, Aleutian Islands, Alaska"
ci,10905589,4,"Wednesday, March  9, 2011 12:14:14 UTC",32.6188,-115.7460,2.6,12.70,44,"Baja California, Mexico"
us,b0001rbs,5,"Wednesday, March  9, 2011 12:03:17 UTC",38.3575,143.1194,4.7,13.10,72,"off the east coast of Honshu, Japan"
us,b0001rbc,5,"Wednesday, March  9, 2011 11:27:51 UTC",38.5295,143.0395,5.1,28.20,167,"off the east coast of Honshu, Japan"
us,2011igca,1,"Wednesday, March  9, 2011 11:05:08 UTC",19.4029,-75.3839,3.5,5.00, 5,"Cuba region"
us,b0001raq,7,"Wednesday, March  9, 2011 10:13:39 UTC",38.7206,143.0899,4.7,27.20,56,"off the east coast of Honshu, Japan"
ak,10187206,3,"Wednesday, March  9, 2011 09:45:14 UTC",51.1955,-172.6410,2.6,23.30, 8,"Andreanof Islands, Aleutian Islands, Alaska"
us,b0001ra1,5,"Wednesday, March  9, 2011 08:55:38 UTC",38.6675,143.0550,4.8,15.60,93,"off the east coast of Honshu, Japan"
pr,11068001,0,"Wednesday, March  9, 2011 08:37:30 UTC",18.0659,-68.1220,3.3,84.10,20,"Mona Passage, Dominican Republic"
us,b0001r99,A,"Wednesday, March  9, 2011 08:02:36 UTC",38.6059,143.1031,5.3,15.40,229,"off the east coast of Honshu, Japan"
us,b0001r97,6,"Wednesday, March  9, 2011 07:56:27 UTC",38.8492,142.9285,5.1,10.70,210,"near the east coast of Honshu, Japan"
us,b0001r8t,7,"Wednesday, March  9, 2011 07:13:48 UTC",38.2463,143.1080,5.0,9.90,92,"off the east coast of Honshu, Japan"
us,b0001r86,8,"Wednesday, March  9, 2011 06:25:12 UTC",38.2990,143.0669,5.1,10.80,197,"off the east coast of Honshu, Japan"
us,b0001r7w,7,"Wednesday, March  9, 2011 06:12:13 UTC",38.6813,143.0220,4.9,10.00,59,"off the east coast of Honshu, Japan"
ak,10189897,2,"Wednesday, March  9, 2011 05:33:50 UTC",52.7134,-161.8420,2.9,25.00,26,"south of Alaska"
us,b0001r7e,3,"Wednesday, March  9, 2011 05:27:06 UTC",37.8299,145.1348,4.7,10.00,29,"off the east coast of Honshu, Japan"
us,b0001r77,6,"Wednesday, March  9, 2011 04:45:54 UTC",38.5428,142.7401,5.3,27.00,111,"near the east coast of Honshu, Japan"
us,b0001r74,5,"Wednesday, March  9, 2011 04:37:03 UTC",38.6658,142.9907,5.7,25.50,253,"near the east coast of Honshu, Japan"
us,b0001r76,4,"Wednesday, March  9, 2011 04:32:10 UTC",38.7269,143.0013,5.2,32.10,184,"off the east coast of Honshu, Japan"
ci,10905389,4,"Wednesday, March  9, 2011 04:17:17 UTC",34.2800,-116.8390,3.0,6.70,131,"Southern California"
us,b0001r6u,3,"Wednesday, March  9, 2011 04:15:39 UTC",38.8573,142.6583,4.8,12.60,45,"near the east coast of Honshu, Japan"
us,b0001r6c,B,"Wednesday, March  9, 2011 04:05:53 UTC",38.8702,142.4200,5.2,10.90,82,"near the east coast of Honshu, Japan"
ak,10187141,2,"Wednesday, March  9, 2011 03:51:21 UTC",54.8683,-160.3588,2.5,21.10,14,"Alaska Peninsula"
us,b0001r5y,8,"Wednesday, March  9, 2011 03:19:00 UTC",38.7946,142.9620,5.0,19.90,102,"near the east coast of Honshu, Japan"
us,b0001r5v,F,"Wednesday, March  9, 2011 03:08:35 UTC",38.3385,143.0972,5.2,24.40,270,"off the east coast of Honshu, Japan"
us,b0001r5n,9,"Wednesday, March  9, 2011 02:57:16 UTC",38.4023,142.8251,5.6,17.50,304,"near the east coast of Honshu, Japan"
us,b0001r57,B,"Wednesday, March  9, 2011 02:45:20 UTC",38.4242,142.8358,7.2,32.00,494,"near the east coast of Honshu, Japan"
us,b0001r4y,4,"Wednesday, March  9, 2011 01:47:46 UTC",52.8933,160.6826,4.6,25.00,51,"off the east coast of the Kamchatka Peninsula, Russia"
us,b0001r4r,3,"Wednesday, March  9, 2011 01:30:26 UTC",-19.4105,171.9066,4.7,19.30,25,"Vanuatu region"
us,b0001r2j,4,"Tuesday, March  8, 2011 22:42:39 UTC",52.7312,160.8842,4.9,22.80,64,"off the east coast of the Kamchatka Peninsula, Russia"
pr,11067002,0,"Tuesday, March  8, 2011 22:03:18 UTC",19.1289,-66.4440,2.9,34.50,19,"Puerto Rico region"
us,b0001qyv,6,"Tuesday, March  8, 2011 21:42:31 UTC",-4.5783,139.1463,4.9,28.80,26,"Papua, Indonesia"
nc,71539851,3,"Tuesday, March  8, 2011 21:41:58 UTC",38.8317,-122.8113,2.7,2.60,68,"Northern California"
us,b0001qwj,7,"Tuesday, March  8, 2011 20:48:09 UTC",52.6312,160.7198,4.8,38.80,89,"off the east coast of the Kamchatka Peninsula, Russia"
ci,10905149,5,"Tuesday, March  8, 2011 20:46:38 UTC",32.5720,-115.6897,3.1,12.90,45,"Baja California, Mexico"
ci,10905141,4,"Tuesday, March  8, 2011 20:41:25 UTC",32.5617,-115.6978,2.6,7.30,31,"Baja California, Mexico"
us,b0001qu9,3,"Tuesday, March  8, 2011 19:49:29 UTC",49.5754,155.5551,4.4,75.50,53,"Kuril Islands"
ak,10188381,2,"Tuesday, March  8, 2011 19:05:59 UTC",50.4755,-179.4523,2.8,35.30,15,"Andreanof Islands, Aleutian Islands, Alaska"
nm,030811m,A,"Tuesday, March  8, 2011 18:49:54 UTC",36.7864,-89.3330,2.7,4.50,25,"southeastern Missouri"
us,2011ifbe,1,"Tuesday, March  8, 2011 18:46:56 UTC",-15.4982,-173.3939,4.8,35.00,28,"Tonga"
us,b0001qs6,4,"Tuesday, March  8, 2011 17:48:31 UTC",22.9303,94.3119,4.3,86.50,32,"Myanmar"
ak,10186489,2,"Tuesday, March  8, 2011 17:28:05 UTC",60.0891,-151.5874,3.1,41.40,75,"Kenai Peninsula, Alaska"
us,2011ifa4,4,"Tuesday, March  8, 2011 15:18:29 UTC",48.3591,151.2149,4.3,201.20,27,"Kuril Islands"
us,b0001qq8,4,"Tuesday, March  8, 2011 11:58:02 UTC",14.5604,-92.1790,4.3,70.50,44,"Guatemala"
ak,10186403,2,"Tuesday, March  8, 2011 11:57:48 UTC",54.2401,-162.6164,2.5,13.10,17,"Alaska Peninsula"
ak,10188359,2,"Tuesday, March  8, 2011 11:32:10 UTC",53.3954,178.7531,3.2,25.00,14,"Rat Islands, Aleutian Islands, Alaska"
hv,60004403,3,"Tuesday, March  8, 2011 11:25:16 UTC",19.4167,-155.2833,2.5,2.50,23,"Island of Hawaii, Hawaii"
hv,60222106,1,"Tuesday, March  8, 2011 11:25:14 UTC",19.4040,-155.2830,2.6,1.90,32,"Island of Hawaii, Hawaii"
us,b0001qpz,5,"Tuesday, March  8, 2011 10:46:26 UTC",52.7385,160.8267,4.7,23.90,38,"off the east coast of the Kamchatka Peninsula, Russia"
ak,10186382,3,"Tuesday, March  8, 2011 08:41:41 UTC",54.2264,-162.5992,3.6,12.00,34,"Alaska Peninsula"
pr,11067001,0,"Tuesday, March  8, 2011 08:41:21 UTC",17.9710,-64.9540,2.6,44.70, 5,"Virgin Islands region"
us,b0001qp4,6,"Tuesday, March  8, 2011 07:29:53 UTC",44.1497,-129.4702,4.6,10.30,215,"off the coast of Oregon"
us,b0001qp1,4,"Tuesday, March  8, 2011 07:19:33 UTC",44.3349,-129.2504,4.4,10.30,169,"off the coast of Oregon"
ak,10186358,2,"Tuesday, March  8, 2011 07:13:05 UTC",60.6686,-151.8675,2.6,74.60,60,"Kenai Peninsula, Alaska"
pr,11067000,0,"Tuesday, March  8, 2011 05:39:37 UTC",18.7469,-64.9840,2.7,8.20, 7,"Virgin Islands region"
us,b0001qmi,6,"Tuesday, March  8, 2011 02:10:41 UTC",-30.3492,-178.0382,5.0,47.50,48,"Kermadec Islands, New Zealand"
us,b0001qly,A,"Tuesday, March  8, 2011 01:26:59 UTC",44.2459,-129.3911,5.0,17.80,198,"off the coast of Oregon"
ak,10186064,2,"Tuesday, March  8, 2011 00:58:48 UTC",53.2999,-164.1818,2.8,17.70,22,"Unimak Island region, Alaska"
ak,10186021,2,"Tuesday, March  8, 2011 00:03:18 UTC",60.2075,-152.1217,2.8,71.00,60,"Southern Alaska"
ak,10185995,2,"Monday, March  7, 2011 23:35:55 UTC",54.5736,-162.1363,2.6,43.40,16,"Alaska Peninsula"
us,b0001ql7,5,"Monday, March  7, 2011 23:35:38 UTC",-55.9407,-27.8809,5.2,96.70,40,"South Sandwich Islands region"
ak,10189704,2,"Monday, March  7, 2011 23:25:41 UTC",52.3165,-165.1022,2.5,8.90,10,"south of the Aleutian Islands"
hv,60222001,1,"Monday, March  7, 2011 22:29:36 UTC",19.4057,-155.2805,2.7,1.60,31,"Island of Hawaii, Hawaii"
nm,030711p,A,"Monday, March  7, 2011 22:06:46 UTC",35.2281,-92.3850,2.7,5.40,12,"Arkansas"
ci,10904717,4,"Monday, March  7, 2011 20:26:09 UTC",32.1815,-115.2523,3.0,10.00, 6,"Baja California, Mexico"
nc,71539226,3,"Monday, March  7, 2011 19:35:42 UTC",38.8215,-122.8073,2.6,3.30,67,"Northern California"
pr,11066002,0,"Monday, March  7, 2011 19:20:07 UTC",19.2989,-68.0120,3.2,73.90, 7,"Dominican Republic region"
